ref_area.label,indicator.label,source.label,sex.label,classif1.label,classif2.label,time,obs_value,obs_status.label
Armenia,"Employment by sex, age and rural / urban areas -- ILO modelled estimates, Nov. 2019 (thousands)",ARM - ILO - ILO modelled estimates,Sex: Total,"Age (Youth, adults): 15+",Area type: National,2005,1103.675,
Armenia,"Employment by sex, age and rural / urban areas -- ILO modelled estimates, Nov. 2019 (thousands)",ARM - ILO - ILO modelled estimates,Sex: Total,"Age (Youth, adults): 15+",Area type: Rural,2005,460.064,
Armenia,"Employment by sex, age and rural / urban areas -- ILO modelled estimates, Nov. 2019 (thousands)",ARM - ILO - ILO modelled estimates,Sex: Total,"Age (Youth, adults): 15+",Area type: Urban,2005,643.611,
Armenia,"Employment by sex, age and rural / urban areas -- ILO modelled estimates, Nov. 2019 (thousands)",ARM - ILO - ILO modelled estimates,Sex: Total,"Age (Youth, adults): 15-24",Area type: National,2005,151.053,
Armenia,"Employment by sex, age and rural / urban areas -- ILO modelled estimates, Nov. 2019 (thousands)",ARM - ILO - ILO modelled estimates,Sex: Total,"Age (Youth, adults): 15-24",Area type: Rural,2005,75.485,
Armenia,"Employment by sex, age and rural / urban areas -- ILO modelled estimates, Nov. 2019 (thousands)",ARM - ILO - ILO modelled estimates,Sex: Total,"Age (Youth, adults): 15-24",Area type: Urban,2005,75.568,
Armenia,"Employment by sex, age and rural / urban areas -- ILO modelled estimates, Nov. 2019 (thousands)",ARM - ILO - ILO modelled estimates,Sex: Total,"Age (Youth, adults): 25+",Area type: National,2005,952.621,
Armenia,"Employment by sex, age and rural / urban areas -- ILO modelled estimates, Nov. 2019 (thousands)",ARM - ILO - ILO modelled estimates,Sex: Total,"Age (Youth, adults): 25+",Area type: Rural,2005,384.579,
Armenia,"Employment by sex, age and rural / urban areas -- ILO modelled estimates, Nov. 2019 (thousands)",ARM - ILO - ILO modelled estimates,Sex: Total,"Age (Youth, adults): 25+",Area type: Urban,2005,568.043,
Armenia,"Employment by sex, age and rural / urban areas -- ILO modelled estimates, Nov. 2019 (thousands)",ARM - ILO - ILO modelled estimates,Sex: Male,"Age (Youth, adults): 15+",Area type: National,2005,594.76,
Armenia,"Employment by sex, age and rural / urban areas -- ILO modelled estimates, Nov. 2019 (thousands)",ARM - ILO - ILO modelled estimates,Sex: Male,"Age (Youth, adults): 15+",Area type: Rural,2005,234.954,
Armenia,"Employment by sex, age and rural / urban areas -- ILO modelled estimates, Nov. 2019 (thousands)",ARM - ILO - ILO modelled estimates,Sex: Male,"Age (Youth, adults): 15+",Area type: Urban,2005,359.806,
Armenia,"Employment by sex, age and rural / urban areas -- ILO modelled estimates, Nov. 2019 (thousands)",ARM - ILO - ILO modelled estimates,Sex: Male,"Age (Youth, adults): 15-24",Area type: National,2005,83.956,
Armenia,"Employment by sex, age and rural / urban areas -- ILO modelled estimates, Nov. 2019 (thousands)",ARM - ILO - ILO modelled estimates,Sex: Male,"Age (Youth, adults): 15-24",Area type: Rural,2005,42.4,
Armenia,"Employment by sex, age and rural / urban areas -- ILO modelled estimates, Nov. 2019 (thousands)",ARM - ILO - ILO modelled estimates,Sex: Male,"Age (Youth, adults): 15-24",Area type: Urban,2005,41.556,
Armenia,"Employment by sex, age and rural / urban areas -- ILO modelled estimates, Nov. 2019 (thousands)",ARM - ILO - ILO modelled estimates,Sex: Male,"Age (Youth, adults): 25+",Area type: National,2005,510.804,
Armenia,"Employment by sex, age and rural / urban areas -- ILO modelled estimates, Nov. 2019 (thousands)",ARM - ILO - ILO modelled estimates,Sex: Male,"Age (Youth, adults): 25+",Area type: Rural,2005,192.554,
Armenia,"Employment by sex, age and rural / urban areas -- ILO modelled estimates, Nov. 2019 (thousands)",ARM - ILO - ILO modelled estimates,Sex: Male,"Age (Youth, adults): 25+",Area type: Urban,2005,318.249,
Armenia,"Employment by sex, age and rural / urban areas -- ILO modelled estimates, Nov. 2019 (thousands)",ARM - ILO - ILO modelled estimates,Sex: Female,"Age (Youth, adults): 15+",Area type: National,2005,508.915,
Armenia,"Employment by sex, age and rural / urban areas -- ILO modelled estimates, Nov. 2019 (thousands)",ARM - ILO - ILO modelled estimates,Sex: Female,"Age (Youth, adults): 15+",Area type: Rural,2005,225.11,
Armenia,"Employment by sex, age and rural / urban areas -- ILO modelled estimates, Nov. 2019 (thousands)",ARM - ILO - ILO modelled estimates,Sex: Female,"Age (Youth, adults): 15+",Area type: Urban,2005,283.805,
Armenia,"Employment by sex, age and rural / urban areas -- ILO modelled estimates, Nov. 2019 (thousands)",ARM - ILO - ILO modelled estimates,Sex: Female,"Age (Youth, adults): 15-24",Area type: National,2005,67.097,
Armenia,"Employment by sex, age and rural / urban areas -- ILO modelled estimates, Nov. 2019 (thousands)",ARM - ILO - ILO modelled estimates,Sex: Female,"Age (Youth, adults): 15-24",Area type: Rural,2005,33.085,
Armenia,"Employment by sex, age and rural / urban areas -- ILO modelled estimates, Nov. 2019 (thousands)",ARM - ILO - ILO modelled estimates,Sex: Female,"Age (Youth, adults): 15-24",Area type: Urban,2005,34.012,
Armenia,"Employment by sex, age and rural / urban areas -- ILO modelled estimates, Nov. 2019 (thousands)",ARM - ILO - ILO modelled estimates,Sex: Female,"Age (Youth, adults): 25+",Area type: National,2005,441.817,
Armenia,"Employment by sex, age and rural / urban areas -- ILO modelled estimates, Nov. 2019 (thousands)",ARM - ILO - ILO modelled estimates,Sex: Female,"Age (Youth, adults): 25+",Area type: Rural,2005,192.024,
Armenia,"Employment by sex, age and rural / urban areas -- ILO modelled estimates, Nov. 2019 (thousands)",ARM - ILO - ILO modelled estimates,Sex: Female,"Age (Youth, adults): 25+",Area type: Urban,2005,249.793,
Armenia,"Employment by sex, age and rural / urban areas -- ILO modelled estimates, Nov. 2019 (thousands)",ARM - ILO - ILO modelled estimates,Sex: Total,"Age (Youth, adults): 15+",Area type: National,2006,1109.815,
Armenia,"Employment by sex, age and rural / urban areas -- ILO modelled estimates, Nov. 2019 (thousands)",ARM - ILO - ILO modelled estimates,Sex: Total,"Age (Youth, adults): 15+",Area type: Rural,2006,460.606,
Armenia,"Employment by sex, age and rural / urban areas -- ILO modelled estimates, Nov. 2019 (thousands)",ARM - ILO - ILO modelled estimates,Sex: Total,"Age (Youth, adults): 15+",Area type: Urban,2006,649.209,
Armenia,"Employment by sex, age and rural / urban areas -- ILO modelled estimates, Nov. 2019 (thousands)",ARM - ILO - ILO modelled estimates,Sex: Total,"Age (Youth, adults): 15-24",Area type: National,2006,152.961,
Armenia,"Employment by sex, age and rural / urban areas -- ILO modelled estimates, Nov. 2019 (thousands)",ARM - ILO - ILO modelled estimates,Sex: Total,"Age (Youth, adults): 15-24",Area type: Rural,2006,76.447,
Armenia,"Employment by sex, age and rural / urban areas -- ILO modelled estimates, Nov. 2019 (thousands)",ARM - ILO - ILO modelled estimates,Sex: Total,"Age (Youth, adults): 15-24",Area type: Urban,2006,76.515,
Armenia,"Employment by sex, age and rural / urban areas -- ILO modelled estimates, Nov. 2019 (thousands)",ARM - ILO - ILO modelled estimates,Sex: Total,"Age (Youth, adults): 25+",Area type: National,2006,956.854,
Armenia,"Employment by sex, age and rural / urban areas -- ILO modelled estimates, Nov. 2019 (thousands)",ARM - ILO - ILO modelled estimates,Sex: Total,"Age (Youth, adults): 25+",Area type: Rural,2006,384.159,
Armenia,"Employment by sex, age and rural / urban areas -- ILO modelled estimates, Nov. 2019 (thousands)",ARM - ILO - ILO modelled estimates,Sex: Total,"Age (Youth, adults): 25+",Area type: Urban,2006,572.695,
Armenia,"Employment by sex, age and rural / urban areas -- ILO modelled estimates, Nov. 2019 (thousands)",ARM - ILO - ILO modelled estimates,Sex: Male,"Age (Youth, adults): 15+",Area type: National,2006,595.832,
Armenia,"Employment by sex, age and rural / urban areas -- ILO modelled estimates, Nov. 2019 (thousands)",ARM - ILO - ILO modelled estimates,Sex: Male,"Age (Youth, adults): 15+",Area type: Rural,2006,234.752,
Armenia,"Employment by sex, age and rural / urban areas -- ILO modelled estimates, Nov. 2019 (thousands)",ARM - ILO - ILO modelled estimates,Sex: Male,"Age (Youth, adults): 15+",Area type: Urban,2006,361.08,
Armenia,"Employment by sex, age and rural / urban areas -- ILO modelled estimates, Nov. 2019 (thousands)",ARM - ILO - ILO modelled estimates,Sex: Male,"Age (Youth, adults): 15-24",Area type: National,2006,84.809,
Armenia,"Employment by sex, age and rural / urban areas -- ILO modelled estimates, Nov. 2019 (thousands)",ARM - ILO - ILO modelled estimates,Sex: Male,"Age (Youth, adults): 15-24",Area type: Rural,2006,42.837,
Armenia,"Employment by sex, age and rural / urban areas -- ILO modelled estimates, Nov. 2019 (thousands)",ARM - ILO - ILO modelled estimates,Sex: Male,"Age (Youth, adults): 15-24",Area type: Urban,2006,41.972,
Armenia,"Employment by sex, age and rural / urban areas -- ILO modelled estimates, Nov. 2019 (thousands)",ARM - ILO - ILO modelled estimates,Sex: Male,"Age (Youth, adults): 25+",Area type: National,2006,511.023,
Armenia,"Employment by sex, age and rural / urban areas -- ILO modelled estimates, Nov. 2019 (thousands)",ARM - ILO - ILO modelled estimates,Sex: Male,"Age (Youth, adults): 25+",Area type: Rural,2006,191.915,
Armenia,"Employment by sex, age and rural / urban areas -- ILO modelled estimates, Nov. 2019 (thousands)",ARM - ILO - ILO modelled estimates,Sex: Male,"Age (Youth, adults): 25+",Area type: Urban,2006,319.108,
Armenia,"Employment by sex, age and rural / urban areas -- ILO modelled estimates, Nov. 2019 (thousands)",ARM - ILO - ILO modelled estimates,Sex: Female,"Age (Youth, adults): 15+",Area type: National,2006,513.983,
Armenia,"Employment by sex, age and rural / urban areas -- ILO modelled estimates, Nov. 2019 (thousands)",ARM - ILO - ILO modelled estimates,Sex: Female,"Age (Youth, adults): 15+",Area type: Rural,2006,225.854,
Armenia,"Employment by sex, age and rural / urban areas -- ILO modelled estimates, Nov. 2019 (thousands)",ARM - ILO - ILO modelled estimates,Sex: Female,"Age (Youth, adults): 15+",Area type: Urban,2006,288.129,
Armenia,"Employment by sex, age and rural / urban areas -- ILO modelled estimates, Nov. 2019 (thousands)",ARM - ILO - ILO modelled estimates,Sex: Female,"Age (Youth, adults): 15-24",Area type: National,2006,68.152,
Armenia,"Employment by sex, age and rural / urban areas -- ILO modelled estimates, Nov. 2019 (thousands)",ARM - ILO - ILO modelled estimates,Sex: Female,"Age (Youth, adults): 15-24",Area type: Rural,2006,33.61,
Armenia,"Employment by sex, age and rural / urban areas -- ILO modelled estimates, Nov. 2019 (thousands)",ARM - ILO - ILO modelled estimates,Sex: Female,"Age (Youth, adults): 15-24",Area type: Urban,2006,34.542,
Armenia,"Employment by sex, age and rural / urban areas -- ILO modelled estimates, Nov. 2019 (thousands)",ARM - ILO - ILO modelled estimates,Sex: Female,"Age (Youth, adults): 25+",Area type: National,2006,445.831,
Armenia,"Employment by sex, age and rural / urban areas -- ILO modelled estimates, Nov. 2019 (thousands)",ARM - ILO - ILO modelled estimates,Sex: Female,"Age (Youth, adults): 25+",Area type: Rural,2006,192.244,
Armenia,"Employment by sex, age and rural / urban areas -- ILO modelled estimates, Nov. 2019 (thousands)",ARM - ILO - ILO modelled estimates,Sex: Female,"Age (Youth, adults): 25+",Area type: Urban,2006,253.587,
Armenia,"Employment by sex, age and rural / urban areas -- ILO modelled estimates, Nov. 2019 (thousands)",ARM - ILO - ILO modelled estimates,Sex: Total,"Age (Youth, adults): 15+",Area type: National,2007,1117.373,
Armenia,"Employment by sex, age and rural / urban areas -- ILO modelled estimates, Nov. 2019 (thousands)",ARM - ILO - ILO modelled estimates,Sex: Total,"Age (Youth, adults): 15+",Area type: Rural,2007,461.773,
Armenia,"Employment by sex, age and rural / urban areas -- ILO modelled estimates, Nov. 2019 (thousands)",ARM - ILO - ILO modelled estimates,Sex: Total,"Age (Youth, adults): 15+",Area type: Urban,2007,655.6,
Armenia,"Employment by sex, age and rural / urban areas -- ILO modelled estimates, Nov. 2019 (thousands)",ARM - ILO - ILO modelled estimates,Sex: Total,"Age (Youth, adults): 15-24",Area type: National,2007,154.306,
Armenia,"Employment by sex, age and rural / urban areas -- ILO modelled estimates, Nov. 2019 (thousands)",ARM - ILO - ILO modelled estimates,Sex: Total,"Age (Youth, adults): 15-24",Area type: Rural,2007,77.127,
Armenia,"Employment by sex, age and rural / urban areas -- ILO modelled estimates, Nov. 2019 (thousands)",ARM - ILO - ILO modelled estimates,Sex: Total,"Age (Youth, adults): 15-24",Area type: Urban,2007,77.179,
Armenia,"Employment by sex, age and rural / urban areas -- ILO modelled estimates, Nov. 2019 (thousands)",ARM - ILO - ILO modelled estimates,Sex: Total,"Age (Youth, adults): 25+",Area type: National,2007,963.068,
Armenia,"Employment by sex, age and rural / urban areas -- ILO modelled estimates, Nov. 2019 (thousands)",ARM - ILO - ILO modelled estimates,Sex: Total,"Age (Youth, adults): 25+",Area type: Rural,2007,384.646,
Armenia,"Employment by sex, age and rural / urban areas -- ILO modelled estimates, Nov. 2019 (thousands)",ARM - ILO - ILO modelled estimates,Sex: Total,"Age (Youth, adults): 25+",Area type: Urban,2007,578.422,
Armenia,"Employment by sex, age and rural / urban areas -- ILO modelled estimates, Nov. 2019 (thousands)",ARM - ILO - ILO modelled estimates,Sex: Male,"Age (Youth, adults): 15+",Area type: National,2007,597.686,
Armenia,"Employment by sex, age and rural / urban areas -- ILO modelled estimates, Nov. 2019 (thousands)",ARM - ILO - ILO modelled estimates,Sex: Male,"Age (Youth, adults): 15+",Area type: Rural,2007,234.757,
Armenia,"Employment by sex, age and rural / urban areas -- ILO modelled estimates, Nov. 2019 (thousands)",ARM - ILO - ILO modelled estimates,Sex: Male,"Age (Youth, adults): 15+",Area type: Urban,2007,362.929,
Armenia,"Employment by sex, age and rural / urban areas -- ILO modelled estimates, Nov. 2019 (thousands)",ARM - ILO - ILO modelled estimates,Sex: Male,"Age (Youth, adults): 15-24",Area type: National,2007,85.288,
Armenia,"Employment by sex, age and rural / urban areas -- ILO modelled estimates, Nov. 2019 (thousands)",ARM - ILO - ILO modelled estimates,Sex: Male,"Age (Youth, adults): 15-24",Area type: Rural,2007,43.081,
Armenia,"Employment by sex, age and rural / urban areas -- ILO modelled estimates, Nov. 2019 (thousands)",ARM - ILO - ILO modelled estimates,Sex: Male,"Age (Youth, adults): 15-24",Area type: Urban,2007,42.207,
Armenia,"Employment by sex, age and rural / urban areas -- ILO modelled estimates, Nov. 2019 (thousands)",ARM - ILO - ILO modelled estimates,Sex: Male,"Age (Youth, adults): 25+",Area type: National,2007,512.398,
Armenia,"Employment by sex, age and rural / urban areas -- ILO modelled estimates, Nov. 2019 (thousands)",ARM - ILO - ILO modelled estimates,Sex: Male,"Age (Youth, adults): 25+",Area type: Rural,2007,191.676,
Armenia,"Employment by sex, age and rural / urban areas -- ILO modelled estimates, Nov. 2019 (thousands)",ARM - ILO - ILO modelled estimates,Sex: Male,"Age (Youth, adults): 25+",Area type: Urban,2007,320.722,
Armenia,"Employment by sex, age and rural / urban areas -- ILO modelled estimates, Nov. 2019 (thousands)",ARM - ILO - ILO modelled estimates,Sex: Female,"Age (Youth, adults): 15+",Area type: National,2007,519.687,
Armenia,"Employment by sex, age and rural / urban areas -- ILO modelled estimates, Nov. 2019 (thousands)",ARM - ILO - ILO modelled estimates,Sex: Female,"Age (Youth, adults): 15+",Area type: Rural,2007,227.016,
Armenia,"Employment by sex, age and rural / urban areas -- ILO modelled estimates, Nov. 2019 (thousands)",ARM - ILO - ILO modelled estimates,Sex: Female,"Age (Youth, adults): 15+",Area type: Urban,2007,292.672,
Armenia,"Employment by sex, age and rural / urban areas -- ILO modelled estimates, Nov. 2019 (thousands)",ARM - ILO - ILO modelled estimates,Sex: Female,"Age (Youth, adults): 15-24",Area type: National,2007,69.018,
Armenia,"Employment by sex, age and rural / urban areas -- ILO modelled estimates, Nov. 2019 (thousands)",ARM - ILO - ILO modelled estimates,Sex: Female,"Age (Youth, adults): 15-24",Area type: Rural,2007,34.046,
Armenia,"Employment by sex, age and rural / urban areas -- ILO modelled estimates, Nov. 2019 (thousands)",ARM - ILO - ILO modelled estimates,Sex: Female,"Age (Youth, adults): 15-24",Area type: Urban,2007,34.972,
Armenia,"Employment by sex, age and rural / urban areas -- ILO modelled estimates, Nov. 2019 (thousands)",ARM - ILO - ILO modelled estimates,Sex: Female,"Age (Youth, adults): 25+",Area type: National,2007,450.67,
Armenia,"Employment by sex, age and rural / urban areas -- ILO modelled estimates, Nov. 2019 (thousands)",ARM - ILO - ILO modelled estimates,Sex: Female,"Age (Youth, adults): 25+",Area type: Rural,2007,192.97,
Armenia,"Employment by sex, age and rural / urban areas -- ILO modelled estimates, Nov. 2019 (thousands)",ARM - ILO - ILO modelled estimates,Sex: Female,"Age (Youth, adults): 25+",Area type: Urban,2007,257.7,
Armenia,"Employment by sex, age and rural / urban areas -- ILO modelled estimates, Nov. 2019 (thousands)",ARM - ILO - ILO modelled estimates,Sex: Total,"Age (Youth, adults): 15+",Area type: National,2008,1075.535,
Armenia,"Employment by sex, age and rural / urban areas -- ILO modelled estimates, Nov. 2019 (thousands)",ARM - ILO - ILO modelled estimates,Sex: Total,"Age (Youth, adults): 15+",Area type: Rural,2008,454.638,
Armenia,"Employment by sex, age and rural / urban areas -- ILO modelled estimates, Nov. 2019 (thousands)",ARM - ILO - ILO modelled estimates,Sex: Total,"Age (Youth, adults): 15+",Area type: Urban,2008,620.897,
Armenia,"Employment by sex, age and rural / urban areas -- ILO modelled estimates, Nov. 2019 (thousands)",ARM - ILO - ILO modelled estimates,Sex: Total,"Age (Youth, adults): 15-24",Area type: National,2008,133.187,
Armenia,"Employment by sex, age and rural / urban areas -- ILO modelled estimates, Nov. 2019 (thousands)",ARM - ILO - ILO modelled estimates,Sex: Total,"Age (Youth, adults): 15-24",Area type: Rural,2008,69.848,
Armenia,"Employment by sex, age and rural / urban areas -- ILO modelled estimates, Nov. 2019 (thousands)",ARM - ILO - ILO modelled estimates,Sex: Total,"Age (Youth, adults): 15-24",Area type: Urban,2008,63.34,
Armenia,"Employment by sex, age and rural / urban areas -- ILO modelled estimates, Nov. 2019 (thousands)",ARM - ILO - ILO modelled estimates,Sex: Total,"Age (Youth, adults): 25+",Area type: National,2008,942.347,
Armenia,"Employment by sex, age and rural / urban areas -- ILO modelled estimates, Nov. 2019 (thousands)",ARM - ILO - ILO modelled estimates,Sex: Total,"Age (Youth, adults): 25+",Area type: Rural,2008,384.79,
Armenia,"Employment by sex, age and rural / urban areas -- ILO modelled estimates, Nov. 2019 (thousands)",ARM - ILO - ILO modelled estimates,Sex: Total,"Age (Youth, adults): 25+",Area type: Urban,2008,557.557,
Armenia,"Employment by sex, age and rural / urban areas -- ILO modelled estimates, Nov. 2019 (thousands)",ARM - ILO - ILO modelled estimates,Sex: Male,"Age (Youth, adults): 15+",Area type: National,2008,578.38,
Armenia,"Employment by sex, age and rural / urban areas -- ILO modelled estimates, Nov. 2019 (thousands)",ARM - ILO - ILO modelled estimates,Sex: Male,"Age (Youth, adults): 15+",Area type: Rural,2008,232.495,
Armenia,"Employment by sex, age and rural / urban areas -- ILO modelled estimates, Nov. 2019 (thousands)",ARM - ILO - ILO modelled estimates,Sex: Male,"Age (Youth, adults): 15+",Area type: Urban,2008,345.885,
Armenia,"Employment by sex, age and rural / urban areas -- ILO modelled estimates, Nov. 2019 (thousands)",ARM - ILO - ILO modelled estimates,Sex: Male,"Age (Youth, adults): 15-24",Area type: National,2008,75.472,
Armenia,"Employment by sex, age and rural / urban areas -- ILO modelled estimates, Nov. 2019 (thousands)",ARM - ILO - ILO modelled estimates,Sex: Male,"Age (Youth, adults): 15-24",Area type: Rural,2008,40.77,
Armenia,"Employment by sex, age and rural / urban areas -- ILO modelled estimates, Nov. 2019 (thousands)",ARM - ILO - ILO modelled estimates,Sex: Male,"Age (Youth, adults): 15-24",Area type: Urban,2008,34.702,
Armenia,"Employment by sex, age and rural / urban areas -- ILO modelled estimates, Nov. 2019 (thousands)",ARM - ILO - ILO modelled estimates,Sex: Male,"Age (Youth, adults): 25+",Area type: National,2008,502.908,
Armenia,"Employment by sex, age and rural / urban areas -- ILO modelled estimates, Nov. 2019 (thousands)",ARM - ILO - ILO modelled estimates,Sex: Male,"Age (Youth, adults): 25+",Area type: Rural,2008,191.725,
Armenia,"Employment by sex, age and rural / urban areas -- ILO modelled estimates, Nov. 2019 (thousands)",ARM - ILO - ILO modelled estimates,Sex: Male,"Age (Youth, adults): 25+",Area type: Urban,2008,311.183,
Armenia,"Employment by sex, age and rural / urban areas -- ILO modelled estimates, Nov. 2019 (thousands)",ARM - ILO - ILO modelled estimates,Sex: Female,"Age (Youth, adults): 15+",Area type: National,2008,497.154,
Armenia,"Employment by sex, age and rural / urban areas -- ILO modelled estimates, Nov. 2019 (thousands)",ARM - ILO - ILO modelled estimates,Sex: Female,"Age (Youth, adults): 15+",Area type: Rural,2008,222.143,
Armenia,"Employment by sex, age and rural / urban areas -- ILO modelled estimates, Nov. 2019 (thousands)",ARM - ILO - ILO modelled estimates,Sex: Female,"Age (Youth, adults): 15+",Area type: Urban,2008,275.011,
Armenia,"Employment by sex, age and rural / urban areas -- ILO modelled estimates, Nov. 2019 (thousands)",ARM - ILO - ILO modelled estimates,Sex: Female,"Age (Youth, adults): 15-24",Area type: National,2008,57.715,
Armenia,"Employment by sex, age and rural / urban areas -- ILO modelled estimates, Nov. 2019 (thousands)",ARM - ILO - ILO modelled estimates,Sex: Female,"Age (Youth, adults): 15-24",Area type: Rural,2008,29.078,
Armenia,"Employment by sex, age and rural / urban areas -- ILO modelled estimates, Nov. 2019 (thousands)",ARM - ILO - ILO modelled estimates,Sex: Female,"Age (Youth, adults): 15-24",Area type: Urban,2008,28.637,
Armenia,"Employment by sex, age and rural / urban areas -- ILO modelled estimates, Nov. 2019 (thousands)",ARM - ILO - ILO modelled estimates,Sex: Female,"Age (Youth, adults): 25+",Area type: National,2008,439.44,
Armenia,"Employment by sex, age and rural / urban areas -- ILO modelled estimates, Nov. 2019 (thousands)",ARM - ILO - ILO modelled estimates,Sex: Female,"Age (Youth, adults): 25+",Area type: Rural,2008,193.065,
Armenia,"Employment by sex, age and rural / urban areas -- ILO modelled estimates, Nov. 2019 (thousands)",ARM - ILO - ILO modelled estimates,Sex: Female,"Age (Youth, adults): 25+",Area type: Urban,2008,246.374,
Armenia,"Employment by sex, age and rural / urban areas -- ILO modelled estimates, Nov. 2019 (thousands)",ARM - ILO - ILO modelled estimates,Sex: Total,"Age (Youth, adults): 15+",Area type: National,2009,1022.01,
Armenia,"Employment by sex, age and rural / urban areas -- ILO modelled estimates, Nov. 2019 (thousands)",ARM - ILO - ILO modelled estimates,Sex: Total,"Age (Youth, adults): 15+",Area type: Rural,2009,453.551,
Armenia,"Employment by sex, age and rural / urban areas -- ILO modelled estimates, Nov. 2019 (thousands)",ARM - ILO - ILO modelled estimates,Sex: Total,"Age (Youth, adults): 15+",Area type: Urban,2009,568.459,
Armenia,"Employment by sex, age and rural / urban areas -- ILO modelled estimates, Nov. 2019 (thousands)",ARM - ILO - ILO modelled estimates,Sex: Total,"Age (Youth, adults): 15-24",Area type: National,2009,106.091,
Armenia,"Employment by sex, age and rural / urban areas -- ILO modelled estimates, Nov. 2019 (thousands)",ARM - ILO - ILO modelled estimates,Sex: Total,"Age (Youth, adults): 15-24",Area type: Rural,2009,60.829,
Armenia,"Employment by sex, age and rural / urban areas -- ILO modelled estimates, Nov. 2019 (thousands)",ARM - ILO - ILO modelled estimates,Sex: Total,"Age (Youth, adults): 15-24",Area type: Urban,2009,45.262,
Armenia,"Employment by sex, age and rural / urban areas -- ILO modelled estimates, Nov. 2019 (thousands)",ARM - ILO - ILO modelled estimates,Sex: Total,"Age (Youth, adults): 25+",Area type: National,2009,915.919,
Armenia,"Employment by sex, age and rural / urban areas -- ILO modelled estimates, Nov. 2019 (thousands)",ARM - ILO - ILO modelled estimates,Sex: Total,"Age (Youth, adults): 25+",Area type: Rural,2009,392.722,
Armenia,"Employment by sex, age and rural / urban areas -- ILO modelled estimates, Nov. 2019 (thousands)",ARM - ILO - ILO modelled estimates,Sex: Total,"Age (Youth, adults): 25+",Area type: Urban,2009,523.197,
Armenia,"Employment by sex, age and rural / urban areas -- ILO modelled estimates, Nov. 2019 (thousands)",ARM - ILO - ILO modelled estimates,Sex: Male,"Age (Youth, adults): 15+",Area type: National,2009,553.805,
Armenia,"Employment by sex, age and rural / urban areas -- ILO modelled estimates, Nov. 2019 (thousands)",ARM - ILO - ILO modelled estimates,Sex: Male,"Age (Youth, adults): 15+",Area type: Rural,2009,236.346,
Armenia,"Employment by sex, age and rural / urban areas -- ILO modelled estimates, Nov. 2019 (thousands)",ARM - ILO - ILO modelled estimates,Sex: Male,"Age (Youth, adults): 15+",Area type: Urban,2009,317.459,
Armenia,"Employment by sex, age and rural / urban areas -- ILO modelled estimates, Nov. 2019 (thousands)",ARM - ILO - ILO modelled estimates,Sex: Male,"Age (Youth, adults): 15-24",Area type: National,2009,63.238,
Armenia,"Employment by sex, age and rural / urban areas -- ILO modelled estimates, Nov. 2019 (thousands)",ARM - ILO - ILO modelled estimates,Sex: Male,"Age (Youth, adults): 15-24",Area type: Rural,2009,38.807,
Armenia,"Employment by sex, age and rural / urban areas -- ILO modelled estimates, Nov. 2019 (thousands)",ARM - ILO - ILO modelled estimates,Sex: Male,"Age (Youth, adults): 15-24",Area type: Urban,2009,24.43,
Armenia,"Employment by sex, age and rural / urban areas -- ILO modelled estimates, Nov. 2019 (thousands)",ARM - ILO - ILO modelled estimates,Sex: Male,"Age (Youth, adults): 25+",Area type: National,2009,490.567,
Armenia,"Employment by sex, age and rural / urban areas -- ILO modelled estimates, Nov. 2019 (thousands)",ARM - ILO - ILO modelled estimates,Sex: Male,"Age (Youth, adults): 25+",Area type: Rural,2009,197.539,
Armenia,"Employment by sex, age and rural / urban areas -- ILO modelled estimates, Nov. 2019 (thousands)",ARM - ILO - ILO modelled estimates,Sex: Male,"Age (Youth, adults): 25+",Area type: Urban,2009,293.028,
Armenia,"Employment by sex, age and rural / urban areas -- ILO modelled estimates, Nov. 2019 (thousands)",ARM - ILO - ILO modelled estimates,Sex: Female,"Age (Youth, adults): 15+",Area type: National,2009,468.205,
Armenia,"Employment by sex, age and rural / urban areas -- ILO modelled estimates, Nov. 2019 (thousands)",ARM - ILO - ILO modelled estimates,Sex: Female,"Age (Youth, adults): 15+",Area type: Rural,2009,217.204,
Armenia,"Employment by sex, age and rural / urban areas -- ILO modelled estimates, Nov. 2019 (thousands)",ARM - ILO - ILO modelled estimates,Sex: Female,"Age (Youth, adults): 15+",Area type: Urban,2009,251.001,
Armenia,"Employment by sex, age and rural / urban areas -- ILO modelled estimates, Nov. 2019 (thousands)",ARM - ILO - ILO modelled estimates,Sex: Female,"Age (Youth, adults): 15-24",Area type: National,2009,42.853,
Armenia,"Employment by sex, age and rural / urban areas -- ILO modelled estimates, Nov. 2019 (thousands)",ARM - ILO - ILO modelled estimates,Sex: Female,"Age (Youth, adults): 15-24",Area type: Rural,2009,22.021,
Armenia,"Employment by sex, age and rural / urban areas -- ILO modelled estimates, Nov. 2019 (thousands)",ARM - ILO - ILO modelled estimates,Sex: Female,"Age (Youth, adults): 15-24",Area type: Urban,2009,20.832,
Armenia,"Employment by sex, age and rural / urban areas -- ILO modelled estimates, Nov. 2019 (thousands)",ARM - ILO - ILO modelled estimates,Sex: Female,"Age (Youth, adults): 25+",Area type: National,2009,425.352,
Armenia,"Employment by sex, age and rural / urban areas -- ILO modelled estimates, Nov. 2019 (thousands)",ARM - ILO - ILO modelled estimates,Sex: Female,"Age (Youth, adults): 25+",Area type: Rural,2009,195.183,
Armenia,"Employment by sex, age and rural / urban areas -- ILO modelled estimates, Nov. 2019 (thousands)",ARM - ILO - ILO modelled estimates,Sex: Female,"Age (Youth, adults): 25+",Area type: Urban,2009,230.169,
Armenia,"Employment by sex, age and rural / urban areas -- ILO modelled estimates, Nov. 2019 (thousands)",ARM - ILO - ILO modelled estimates,Sex: Total,"Age (Youth, adults): 15+",Area type: National,2010,1061.159,
Armenia,"Employment by sex, age and rural / urban areas -- ILO modelled estimates, Nov. 2019 (thousands)",ARM - ILO - ILO modelled estimates,Sex: Total,"Age (Youth, adults): 15+",Area type: Rural,2010,479.164,
Armenia,"Employment by sex, age and rural / urban areas -- ILO modelled estimates, Nov. 2019 (thousands)",ARM - ILO - ILO modelled estimates,Sex: Total,"Age (Youth, adults): 15+",Area type: Urban,2010,581.996,
Armenia,"Employment by sex, age and rural / urban areas -- ILO modelled estimates, Nov. 2019 (thousands)",ARM - ILO - ILO modelled estimates,Sex: Total,"Age (Youth, adults): 15-24",Area type: National,2010,112.121,
Armenia,"Employment by sex, age and rural / urban areas -- ILO modelled estimates, Nov. 2019 (thousands)",ARM - ILO - ILO modelled estimates,Sex: Total,"Age (Youth, adults): 15-24",Area type: Rural,2010,62.372,
Armenia,"Employment by sex, age and rural / urban areas -- ILO modelled estimates, Nov. 2019 (thousands)",ARM - ILO - ILO modelled estimates,Sex: Total,"Age (Youth, adults): 15-24",Area type: Urban,2010,49.749,
Armenia,"Employment by sex, age and rural / urban areas -- ILO modelled estimates, Nov. 2019 (thousands)",ARM - ILO - ILO modelled estimates,Sex: Total,"Age (Youth, adults): 25+",Area type: National,2010,949.038,
Armenia,"Employment by sex, age and rural / urban areas -- ILO modelled estimates, Nov. 2019 (thousands)",ARM - ILO - ILO modelled estimates,Sex: Total,"Age (Youth, adults): 25+",Area type: Rural,2010,416.792,
Armenia,"Employment by sex, age and rural / urban areas -- ILO modelled estimates, Nov. 2019 (thousands)",ARM - ILO - ILO modelled estimates,Sex: Total,"Age (Youth, adults): 25+",Area type: Urban,2010,532.247,
Armenia,"Employment by sex, age and rural / urban areas -- ILO modelled estimates, Nov. 2019 (thousands)",ARM - ILO - ILO modelled estimates,Sex: Male,"Age (Youth, adults): 15+",Area type: National,2010,588.973,
Armenia,"Employment by sex, age and rural / urban areas -- ILO modelled estimates, Nov. 2019 (thousands)",ARM - ILO - ILO modelled estimates,Sex: Male,"Age (Youth, adults): 15+",Area type: Rural,2010,256.03,
Armenia,"Employment by sex, age and rural / urban areas -- ILO modelled estimates, Nov. 2019 (thousands)",ARM - ILO - ILO modelled estimates,Sex: Male,"Age (Youth, adults): 15+",Area type: Urban,2010,332.943,
Armenia,"Employment by sex, age and rural / urban areas -- ILO modelled estimates, Nov. 2019 (thousands)",ARM - ILO - ILO modelled estimates,Sex: Male,"Age (Youth, adults): 15-24",Area type: National,2010,71.373,
Armenia,"Employment by sex, age and rural / urban areas -- ILO modelled estimates, Nov. 2019 (thousands)",ARM - ILO - ILO modelled estimates,Sex: Male,"Age (Youth, adults): 15-24",Area type: Rural,2010,42.305,
Armenia,"Employment by sex, age and rural / urban areas -- ILO modelled estimates, Nov. 2019 (thousands)",ARM - ILO - ILO modelled estimates,Sex: Male,"Age (Youth, adults): 15-24",Area type: Urban,2010,29.068,
Armenia,"Employment by sex, age and rural / urban areas -- ILO modelled estimates, Nov. 2019 (thousands)",ARM - ILO - ILO modelled estimates,Sex: Male,"Age (Youth, adults): 25+",Area type: National,2010,517.6,
Armenia,"Employment by sex, age and rural / urban areas -- ILO modelled estimates, Nov. 2019 (thousands)",ARM - ILO - ILO modelled estimates,Sex: Male,"Age (Youth, adults): 25+",Area type: Rural,2010,213.724,
Armenia,"Employment by sex, age and rural / urban areas -- ILO modelled estimates, Nov. 2019 (thousands)",ARM - ILO - ILO modelled estimates,Sex: Male,"Age (Youth, adults): 25+",Area type: Urban,2010,303.875,
Armenia,"Employment by sex, age and rural / urban areas -- ILO modelled estimates, Nov. 2019 (thousands)",ARM - ILO - ILO modelled estimates,Sex: Female,"Age (Youth, adults): 15+",Area type: National,2010,472.187,
Armenia,"Employment by sex, age and rural / urban areas -- ILO modelled estimates, Nov. 2019 (thousands)",ARM - ILO - ILO modelled estimates,Sex: Female,"Age (Youth, adults): 15+",Area type: Rural,2010,223.134,
Armenia,"Employment by sex, age and rural / urban areas -- ILO modelled estimates, Nov. 2019 (thousands)",ARM - ILO - ILO modelled estimates,Sex: Female,"Age (Youth, adults): 15+",Area type: Urban,2010,249.052,
Armenia,"Employment by sex, age and rural / urban areas -- ILO modelled estimates, Nov. 2019 (thousands)",ARM - ILO - ILO modelled estimates,Sex: Female,"Age (Youth, adults): 15-24",Area type: National,2010,40.748,
Armenia,"Employment by sex, age and rural / urban areas -- ILO modelled estimates, Nov. 2019 (thousands)",ARM - ILO - ILO modelled estimates,Sex: Female,"Age (Youth, adults): 15-24",Area type: Rural,2010,20.067,
Armenia,"Employment by sex, age and rural / urban areas -- ILO modelled estimates, Nov. 2019 (thousands)",ARM - ILO - ILO modelled estimates,Sex: Female,"Age (Youth, adults): 15-24",Area type: Urban,2010,20.681,
Armenia,"Employment by sex, age and rural / urban areas -- ILO modelled estimates, Nov. 2019 (thousands)",ARM - ILO - ILO modelled estimates,Sex: Female,"Age (Youth, adults): 25+",Area type: National,2010,431.439,
Armenia,"Employment by sex, age and rural / urban areas -- ILO modelled estimates, Nov. 2019 (thousands)",ARM - ILO - ILO modelled estimates,Sex: Female,"Age (Youth, adults): 25+",Area type: Rural,2010,203.067,
Armenia,"Employment by sex, age and rural / urban areas -- ILO modelled estimates, Nov. 2019 (thousands)",ARM - ILO - ILO modelled estimates,Sex: Female,"Age (Youth, adults): 25+",Area type: Urban,2010,228.371,
Armenia,"Employment by sex, age and rural / urban areas -- ILO modelled estimates, Nov. 2019 (thousands)",ARM - ILO - ILO modelled estimates,Sex: Total,"Age (Youth, adults): 15+",Area type: National,2011,1094.288,
Armenia,"Employment by sex, age and rural / urban areas -- ILO modelled estimates, Nov. 2019 (thousands)",ARM - ILO - ILO modelled estimates,Sex: Total,"Age (Youth, adults): 15+",Area type: Rural,2011,498.461,
Armenia,"Employment by sex, age and rural / urban areas -- ILO modelled estimates, Nov. 2019 (thousands)",ARM - ILO - ILO modelled estimates,Sex: Total,"Age (Youth, adults): 15+",Area type: Urban,2011,595.827,
Armenia,"Employment by sex, age and rural / urban areas -- ILO modelled estimates, Nov. 2019 (thousands)",ARM - ILO - ILO modelled estimates,Sex: Total,"Age (Youth, adults): 15-24",Area type: National,2011,120.316,
Armenia,"Employment by sex, age and rural / urban areas -- ILO modelled estimates, Nov. 2019 (thousands)",ARM - ILO - ILO modelled estimates,Sex: Total,"Age (Youth, adults): 15-24",Area type: Rural,2011,66.316,
Armenia,"Employment by sex, age and rural / urban areas -- ILO modelled estimates, Nov. 2019 (thousands)",ARM - ILO - ILO modelled estimates,Sex: Total,"Age (Youth, adults): 15-24",Area type: Urban,2011,54,
Armenia,"Employment by sex, age and rural / urban areas -- ILO modelled estimates, Nov. 2019 (thousands)",ARM - ILO - ILO modelled estimates,Sex: Total,"Age (Youth, adults): 25+",Area type: National,2011,973.972,
Armenia,"Employment by sex, age and rural / urban areas -- ILO modelled estimates, Nov. 2019 (thousands)",ARM - ILO - ILO modelled estimates,Sex: Total,"Age (Youth, adults): 25+",Area type: Rural,2011,432.145,
Armenia,"Employment by sex, age and rural / urban areas -- ILO modelled estimates, Nov. 2019 (thousands)",ARM - ILO - ILO modelled estimates,Sex: Total,"Age (Youth, adults): 25+",Area type: Urban,2011,541.827,
Armenia,"Employment by sex, age and rural / urban areas -- ILO modelled estimates, Nov. 2019 (thousands)",ARM - ILO - ILO modelled estimates,Sex: Male,"Age (Youth, adults): 15+",Area type: National,2011,586.56,
Armenia,"Employment by sex, age and rural / urban areas -- ILO modelled estimates, Nov. 2019 (thousands)",ARM - ILO - ILO modelled estimates,Sex: Male,"Age (Youth, adults): 15+",Area type: Rural,2011,260.287,
Armenia,"Employment by sex, age and rural / urban areas -- ILO modelled estimates, Nov. 2019 (thousands)",ARM - ILO - ILO modelled estimates,Sex: Male,"Age (Youth, adults): 15+",Area type: Urban,2011,326.273,
Armenia,"Employment by sex, age and rural / urban areas -- ILO modelled estimates, Nov. 2019 (thousands)",ARM - ILO - ILO modelled estimates,Sex: Male,"Age (Youth, adults): 15-24",Area type: National,2011,74.885,
Armenia,"Employment by sex, age and rural / urban areas -- ILO modelled estimates, Nov. 2019 (thousands)",ARM - ILO - ILO modelled estimates,Sex: Male,"Age (Youth, adults): 15-24",Area type: Rural,2011,45.376,
Armenia,"Employment by sex, age and rural / urban areas -- ILO modelled estimates, Nov. 2019 (thousands)",ARM - ILO - ILO modelled estimates,Sex: Male,"Age (Youth, adults): 15-24",Area type: Urban,2011,29.509,
Armenia,"Employment by sex, age and rural / urban areas -- ILO modelled estimates, Nov. 2019 (thousands)",ARM - ILO - ILO modelled estimates,Sex: Male,"Age (Youth, adults): 25+",Area type: National,2011,511.675,
Armenia,"Employment by sex, age and rural / urban areas -- ILO modelled estimates, Nov. 2019 (thousands)",ARM - ILO - ILO modelled estimates,Sex: Male,"Age (Youth, adults): 25+",Area type: Rural,2011,214.911,
Armenia,"Employment by sex, age and rural / urban areas -- ILO modelled estimates, Nov. 2019 (thousands)",ARM - ILO - ILO modelled estimates,Sex: Male,"Age (Youth, adults): 25+",Area type: Urban,2011,296.764,
Armenia,"Employment by sex, age and rural / urban areas -- ILO modelled estimates, Nov. 2019 (thousands)",ARM - ILO - ILO modelled estimates,Sex: Female,"Age (Youth, adults): 15+",Area type: National,2011,507.729,
Armenia,"Employment by sex, age and rural / urban areas -- ILO modelled estimates, Nov. 2019 (thousands)",ARM - ILO - ILO modelled estimates,Sex: Female,"Age (Youth, adults): 15+",Area type: Rural,2011,238.174,
Armenia,"Employment by sex, age and rural / urban areas -- ILO modelled estimates, Nov. 2019 (thousands)",ARM - ILO - ILO modelled estimates,Sex: Female,"Age (Youth, adults): 15+",Area type: Urban,2011,269.555,
Armenia,"Employment by sex, age and rural / urban areas -- ILO modelled estimates, Nov. 2019 (thousands)",ARM - ILO - ILO modelled estimates,Sex: Female,"Age (Youth, adults): 15-24",Area type: National,2011,45.432,
Armenia,"Employment by sex, age and rural / urban areas -- ILO modelled estimates, Nov. 2019 (thousands)",ARM - ILO - ILO modelled estimates,Sex: Female,"Age (Youth, adults): 15-24",Area type: Rural,2011,20.94,
Armenia,"Employment by sex, age and rural / urban areas -- ILO modelled estimates, Nov. 2019 (thousands)",ARM - ILO - ILO modelled estimates,Sex: Female,"Age (Youth, adults): 15-24",Area type: Urban,2011,24.491,
Armenia,"Employment by sex, age and rural / urban areas -- ILO modelled estimates, Nov. 2019 (thousands)",ARM - ILO - ILO modelled estimates,Sex: Female,"Age (Youth, adults): 25+",Area type: National,2011,462.297,
Armenia,"Employment by sex, age and rural / urban areas -- ILO modelled estimates, Nov. 2019 (thousands)",ARM - ILO - ILO modelled estimates,Sex: Female,"Age (Youth, adults): 25+",Area type: Rural,2011,217.234,
Armenia,"Employment by sex, age and rural / urban areas -- ILO modelled estimates, Nov. 2019 (thousands)",ARM - ILO - ILO modelled estimates,Sex: Female,"Age (Youth, adults): 25+",Area type: Urban,2011,245.063,
Armenia,"Employment by sex, age and rural / urban areas -- ILO modelled estimates, Nov. 2019 (thousands)",ARM - ILO - ILO modelled estimates,Sex: Total,"Age (Youth, adults): 15+",Area type: National,2012,1117.304,
Armenia,"Employment by sex, age and rural / urban areas -- ILO modelled estimates, Nov. 2019 (thousands)",ARM - ILO - ILO modelled estimates,Sex: Total,"Age (Youth, adults): 15+",Area type: Rural,2012,512.153,
Armenia,"Employment by sex, age and rural / urban areas -- ILO modelled estimates, Nov. 2019 (thousands)",ARM - ILO - ILO modelled estimates,Sex: Total,"Age (Youth, adults): 15+",Area type: Urban,2012,605.151,
Armenia,"Employment by sex, age and rural / urban areas -- ILO modelled estimates, Nov. 2019 (thousands)",ARM - ILO - ILO modelled estimates,Sex: Total,"Age (Youth, adults): 15-24",Area type: National,2012,123.404,
Armenia,"Employment by sex, age and rural / urban areas -- ILO modelled estimates, Nov. 2019 (thousands)",ARM - ILO - ILO modelled estimates,Sex: Total,"Age (Youth, adults): 15-24",Area type: Rural,2012,65.035,
Armenia,"Employment by sex, age and rural / urban areas -- ILO modelled estimates, Nov. 2019 (thousands)",ARM - ILO - ILO modelled estimates,Sex: Total,"Age (Youth, adults): 15-24",Area type: Urban,2012,58.369,
Armenia,"Employment by sex, age and rural / urban areas -- ILO modelled estimates, Nov. 2019 (thousands)",ARM - ILO - ILO modelled estimates,Sex: Total,"Age (Youth, adults): 25+",Area type: National,2012,993.901,
Armenia,"Employment by sex, age and rural / urban areas -- ILO modelled estimates, Nov. 2019 (thousands)",ARM - ILO - ILO modelled estimates,Sex: Total,"Age (Youth, adults): 25+",Area type: Rural,2012,447.119,
Armenia,"Employment by sex, age and rural / urban areas -- ILO modelled estimates, Nov. 2019 (thousands)",ARM - ILO - ILO modelled estimates,Sex: Total,"Age (Youth, adults): 25+",Area type: Urban,2012,546.782,
Armenia,"Employment by sex, age and rural / urban areas -- ILO modelled estimates, Nov. 2019 (thousands)",ARM - ILO - ILO modelled estimates,Sex: Male,"Age (Youth, adults): 15+",Area type: National,2012,595.787,
Armenia,"Employment by sex, age and rural / urban areas -- ILO modelled estimates, Nov. 2019 (thousands)",ARM - ILO - ILO modelled estimates,Sex: Male,"Age (Youth, adults): 15+",Area type: Rural,2012,267.779,
Armenia,"Employment by sex, age and rural / urban areas -- ILO modelled estimates, Nov. 2019 (thousands)",ARM - ILO - ILO modelled estimates,Sex: Male,"Age (Youth, adults): 15+",Area type: Urban,2012,328.009,
Armenia,"Employment by sex, age and rural / urban areas -- ILO modelled estimates, Nov. 2019 (thousands)",ARM - ILO - ILO modelled estimates,Sex: Male,"Age (Youth, adults): 15-24",Area type: National,2012,75.837,
Armenia,"Employment by sex, age and rural / urban areas -- ILO modelled estimates, Nov. 2019 (thousands)",ARM - ILO - ILO modelled estimates,Sex: Male,"Age (Youth, adults): 15-24",Area type: Rural,2012,44.531,
Armenia,"Employment by sex, age and rural / urban areas -- ILO modelled estimates, Nov. 2019 (thousands)",ARM - ILO - ILO modelled estimates,Sex: Male,"Age (Youth, adults): 15-24",Area type: Urban,2012,31.306,
Armenia,"Employment by sex, age and rural / urban areas -- ILO modelled estimates, Nov. 2019 (thousands)",ARM - ILO - ILO modelled estimates,Sex: Male,"Age (Youth, adults): 25+",Area type: National,2012,519.951,
Armenia,"Employment by sex, age and rural / urban areas -- ILO modelled estimates, Nov. 2019 (thousands)",ARM - ILO - ILO modelled estimates,Sex: Male,"Age (Youth, adults): 25+",Area type: Rural,2012,223.247,
Armenia,"Employment by sex, age and rural / urban areas -- ILO modelled estimates, Nov. 2019 (thousands)",ARM - ILO - ILO modelled estimates,Sex: Male,"Age (Youth, adults): 25+",Area type: Urban,2012,296.703,
Armenia,"Employment by sex, age and rural / urban areas -- ILO modelled estimates, Nov. 2019 (thousands)",ARM - ILO - ILO modelled estimates,Sex: Female,"Age (Youth, adults): 15+",Area type: National,2012,521.517,
Armenia,"Employment by sex, age and rural / urban areas -- ILO modelled estimates, Nov. 2019 (thousands)",ARM - ILO - ILO modelled estimates,Sex: Female,"Age (Youth, adults): 15+",Area type: Rural,2012,244.375,
Armenia,"Employment by sex, age and rural / urban areas -- ILO modelled estimates, Nov. 2019 (thousands)",ARM - ILO - ILO modelled estimates,Sex: Female,"Age (Youth, adults): 15+",Area type: Urban,2012,277.142,
Armenia,"Employment by sex, age and rural / urban areas -- ILO modelled estimates, Nov. 2019 (thousands)",ARM - ILO - ILO modelled estimates,Sex: Female,"Age (Youth, adults): 15-24",Area type: National,2012,47.567,
Armenia,"Employment by sex, age and rural / urban areas -- ILO modelled estimates, Nov. 2019 (thousands)",ARM - ILO - ILO modelled estimates,Sex: Female,"Age (Youth, adults): 15-24",Area type: Rural,2012,20.503,
Armenia,"Employment by sex, age and rural / urban areas -- ILO modelled estimates, Nov. 2019 (thousands)",ARM - ILO - ILO modelled estimates,Sex: Female,"Age (Youth, adults): 15-24",Area type: Urban,2012,27.064,
Armenia,"Employment by sex, age and rural / urban areas -- ILO modelled estimates, Nov. 2019 (thousands)",ARM - ILO - ILO modelled estimates,Sex: Female,"Age (Youth, adults): 25+",Area type: National,2012,473.95,
Armenia,"Employment by sex, age and rural / urban areas -- ILO modelled estimates, Nov. 2019 (thousands)",ARM - ILO - ILO modelled estimates,Sex: Female,"Age (Youth, adults): 25+",Area type: Rural,2012,223.871,
Armenia,"Employment by sex, age and rural / urban areas -- ILO modelled estimates, Nov. 2019 (thousands)",ARM - ILO - ILO modelled estimates,Sex: Female,"Age (Youth, adults): 25+",Area type: Urban,2012,250.079,
Armenia,"Employment by sex, age and rural / urban areas -- ILO modelled estimates, Nov. 2019 (thousands)",ARM - ILO - ILO modelled estimates,Sex: Total,"Age (Youth, adults): 15+",Area type: National,2013,1140.275,
Armenia,"Employment by sex, age and rural / urban areas -- ILO modelled estimates, Nov. 2019 (thousands)",ARM - ILO - ILO modelled estimates,Sex: Total,"Age (Youth, adults): 15+",Area type: Rural,2013,528.76,
Armenia,"Employment by sex, age and rural / urban areas -- ILO modelled estimates, Nov. 2019 (thousands)",ARM - ILO - ILO modelled estimates,Sex: Total,"Age (Youth, adults): 15+",Area type: Urban,2013,611.516,
Armenia,"Employment by sex, age and rural / urban areas -- ILO modelled estimates, Nov. 2019 (thousands)",ARM - ILO - ILO modelled estimates,Sex: Total,"Age (Youth, adults): 15-24",Area type: National,2013,117.197,
Armenia,"Employment by sex, age and rural / urban areas -- ILO modelled estimates, Nov. 2019 (thousands)",ARM - ILO - ILO modelled estimates,Sex: Total,"Age (Youth, adults): 15-24",Area type: Rural,2013,61.506,
Armenia,"Employment by sex, age and rural / urban areas -- ILO modelled estimates, Nov. 2019 (thousands)",ARM - ILO - ILO modelled estimates,Sex: Total,"Age (Youth, adults): 15-24",Area type: Urban,2013,55.691,
Armenia,"Employment by sex, age and rural / urban areas -- ILO modelled estimates, Nov. 2019 (thousands)",ARM - ILO - ILO modelled estimates,Sex: Total,"Age (Youth, adults): 25+",Area type: National,2013,1023.078,
Armenia,"Employment by sex, age and rural / urban areas -- ILO modelled estimates, Nov. 2019 (thousands)",ARM - ILO - ILO modelled estimates,Sex: Total,"Age (Youth, adults): 25+",Area type: Rural,2013,467.253,
Armenia,"Employment by sex, age and rural / urban areas -- ILO modelled estimates, Nov. 2019 (thousands)",ARM - ILO - ILO modelled estimates,Sex: Total,"Age (Youth, adults): 25+",Area type: Urban,2013,555.825,
Armenia,"Employment by sex, age and rural / urban areas -- ILO modelled estimates, Nov. 2019 (thousands)",ARM - ILO - ILO modelled estimates,Sex: Male,"Age (Youth, adults): 15+",Area type: National,2013,614.103,
Armenia,"Employment by sex, age and rural / urban areas -- ILO modelled estimates, Nov. 2019 (thousands)",ARM - ILO - ILO modelled estimates,Sex: Male,"Age (Youth, adults): 15+",Area type: Rural,2013,278.375,
Armenia,"Employment by sex, age and rural / urban areas -- ILO modelled estimates, Nov. 2019 (thousands)",ARM - ILO - ILO modelled estimates,Sex: Male,"Age (Youth, adults): 15+",Area type: Urban,2013,335.728,
Armenia,"Employment by sex, age and rural / urban areas -- ILO modelled estimates, Nov. 2019 (thousands)",ARM - ILO - ILO modelled estimates,Sex: Male,"Age (Youth, adults): 15-24",Area type: National,2013,72.222,
Armenia,"Employment by sex, age and rural / urban areas -- ILO modelled estimates, Nov. 2019 (thousands)",ARM - ILO - ILO modelled estimates,Sex: Male,"Age (Youth, adults): 15-24",Area type: Rural,2013,42.772,
Armenia,"Employment by sex, age and rural / urban areas -- ILO modelled estimates, Nov. 2019 (thousands)",ARM - ILO - ILO modelled estimates,Sex: Male,"Age (Youth, adults): 15-24",Area type: Urban,2013,29.45,
Armenia,"Employment by sex, age and rural / urban areas -- ILO modelled estimates, Nov. 2019 (thousands)",ARM - ILO - ILO modelled estimates,Sex: Male,"Age (Youth, adults): 25+",Area type: National,2013,541.881,
Armenia,"Employment by sex, age and rural / urban areas -- ILO modelled estimates, Nov. 2019 (thousands)",ARM - ILO - ILO modelled estimates,Sex: Male,"Age (Youth, adults): 25+",Area type: Rural,2013,235.604,
Armenia,"Employment by sex, age and rural / urban areas -- ILO modelled estimates, Nov. 2019 (thousands)",ARM - ILO - ILO modelled estimates,Sex: Male,"Age (Youth, adults): 25+",Area type: Urban,2013,306.278,
Armenia,"Employment by sex, age and rural / urban areas -- ILO modelled estimates, Nov. 2019 (thousands)",ARM - ILO - ILO modelled estimates,Sex: Female,"Age (Youth, adults): 15+",Area type: National,2013,526.172,
Armenia,"Employment by sex, age and rural / urban areas -- ILO modelled estimates, Nov. 2019 (thousands)",ARM - ILO - ILO modelled estimates,Sex: Female,"Age (Youth, adults): 15+",Area type: Rural,2013,250.384,
Armenia,"Employment by sex, age and rural / urban areas -- ILO modelled estimates, Nov. 2019 (thousands)",ARM - ILO - ILO modelled estimates,Sex: Female,"Age (Youth, adults): 15+",Area type: Urban,2013,275.788,
Armenia,"Employment by sex, age and rural / urban areas -- ILO modelled estimates, Nov. 2019 (thousands)",ARM - ILO - ILO modelled estimates,Sex: Female,"Age (Youth, adults): 15-24",Area type: National,2013,44.975,
Armenia,"Employment by sex, age and rural / urban areas -- ILO modelled estimates, Nov. 2019 (thousands)",ARM - ILO - ILO modelled estimates,Sex: Female,"Age (Youth, adults): 15-24",Area type: Rural,2013,18.735,
Armenia,"Employment by sex, age and rural / urban areas -- ILO modelled estimates, Nov. 2019 (thousands)",ARM - ILO - ILO modelled estimates,Sex: Female,"Age (Youth, adults): 15-24",Area type: Urban,2013,26.241,
Armenia,"Employment by sex, age and rural / urban areas -- ILO modelled estimates, Nov. 2019 (thousands)",ARM - ILO - ILO modelled estimates,Sex: Female,"Age (Youth, adults): 25+",Area type: National,2013,481.197,
Armenia,"Employment by sex, age and rural / urban areas -- ILO modelled estimates, Nov. 2019 (thousands)",ARM - ILO - ILO modelled estimates,Sex: Female,"Age (Youth, adults): 25+",Area type: Rural,2013,231.649,
Armenia,"Employment by sex, age and rural / urban areas -- ILO modelled estimates, Nov. 2019 (thousands)",ARM - ILO - ILO modelled estimates,Sex: Female,"Age (Youth, adults): 25+",Area type: Urban,2013,249.547,
Armenia,"Employment by sex, age and rural / urban areas -- ILO modelled estimates, Nov. 2019 (thousands)",ARM - ILO - ILO modelled estimates,Sex: Total,"Age (Youth, adults): 15+",Area type: National,2014,1112.196,Adjusted
Armenia,"Employment by sex, age and rural / urban areas -- ILO modelled estimates, Nov. 2019 (thousands)",ARM - ILO - ILO modelled estimates,Sex: Total,"Age (Youth, adults): 15+",Area type: Rural,2014,500.324,Adjusted
Armenia,"Employment by sex, age and rural / urban areas -- ILO modelled estimates, Nov. 2019 (thousands)",ARM - ILO - ILO modelled estimates,Sex: Total,"Age (Youth, adults): 15+",Area type: Urban,2014,611.872,Adjusted
Armenia,"Employment by sex, age and rural / urban areas -- ILO modelled estimates, Nov. 2019 (thousands)",ARM - ILO - ILO modelled estimates,Sex: Total,"Age (Youth, adults): 15-24",Area type: National,2014,107.039,Adjusted
Armenia,"Employment by sex, age and rural / urban areas -- ILO modelled estimates, Nov. 2019 (thousands)",ARM - ILO - ILO modelled estimates,Sex: Total,"Age (Youth, adults): 15-24",Area type: Rural,2014,52.771,Adjusted
Armenia,"Employment by sex, age and rural / urban areas -- ILO modelled estimates, Nov. 2019 (thousands)",ARM - ILO - ILO modelled estimates,Sex: Total,"Age (Youth, adults): 15-24",Area type: Urban,2014,54.267,Adjusted
Armenia,"Employment by sex, age and rural / urban areas -- ILO modelled estimates, Nov. 2019 (thousands)",ARM - ILO - ILO modelled estimates,Sex: Total,"Age (Youth, adults): 25+",Area type: National,2014,1005.157,Adjusted
Armenia,"Employment by sex, age and rural / urban areas -- ILO modelled estimates, Nov. 2019 (thousands)",ARM - ILO - ILO modelled estimates,Sex: Total,"Age (Youth, adults): 25+",Area type: Rural,2014,447.553,Adjusted
Armenia,"Employment by sex, age and rural / urban areas -- ILO modelled estimates, Nov. 2019 (thousands)",ARM - ILO - ILO modelled estimates,Sex: Total,"Age (Youth, adults): 25+",Area type: Urban,2014,557.605,Adjusted
Armenia,"Employment by sex, age and rural / urban areas -- ILO modelled estimates, Nov. 2019 (thousands)",ARM - ILO - ILO modelled estimates,Sex: Male,"Age (Youth, adults): 15+",Area type: National,2014,600.681,Adjusted
Armenia,"Employment by sex, age and rural / urban areas -- ILO modelled estimates, Nov. 2019 (thousands)",ARM - ILO - ILO modelled estimates,Sex: Male,"Age (Youth, adults): 15+",Area type: Rural,2014,265.321,Adjusted
Armenia,"Employment by sex, age and rural / urban areas -- ILO modelled estimates, Nov. 2019 (thousands)",ARM - ILO - ILO modelled estimates,Sex: Male,"Age (Youth, adults): 15+",Area type: Urban,2014,335.36,Adjusted
Armenia,"Employment by sex, age and rural / urban areas -- ILO modelled estimates, Nov. 2019 (thousands)",ARM - ILO - ILO modelled estimates,Sex: Male,"Age (Youth, adults): 15-24",Area type: National,2014,66.138,Adjusted
Armenia,"Employment by sex, age and rural / urban areas -- ILO modelled estimates, Nov. 2019 (thousands)",ARM - ILO - ILO modelled estimates,Sex: Male,"Age (Youth, adults): 15-24",Area type: Rural,2014,37.491,Adjusted
Armenia,"Employment by sex, age and rural / urban areas -- ILO modelled estimates, Nov. 2019 (thousands)",ARM - ILO - ILO modelled estimates,Sex: Male,"Age (Youth, adults): 15-24",Area type: Urban,2014,28.647,Adjusted
Armenia,"Employment by sex, age and rural / urban areas -- ILO modelled estimates, Nov. 2019 (thousands)",ARM - ILO - ILO modelled estimates,Sex: Male,"Age (Youth, adults): 25+",Area type: National,2014,534.543,Adjusted
Armenia,"Employment by sex, age and rural / urban areas -- ILO modelled estimates, Nov. 2019 (thousands)",ARM - ILO - ILO modelled estimates,Sex: Male,"Age (Youth, adults): 25+",Area type: Rural,2014,227.829,Adjusted
Armenia,"Employment by sex, age and rural / urban areas -- ILO modelled estimates, Nov. 2019 (thousands)",ARM - ILO - ILO modelled estimates,Sex: Male,"Age (Youth, adults): 25+",Area type: Urban,2014,306.713,Adjusted
Armenia,"Employment by sex, age and rural / urban areas -- ILO modelled estimates, Nov. 2019 (thousands)",ARM - ILO - ILO modelled estimates,Sex: Female,"Age (Youth, adults): 15+",Area type: National,2014,511.515,Adjusted
Armenia,"Employment by sex, age and rural / urban areas -- ILO modelled estimates, Nov. 2019 (thousands)",ARM - ILO - ILO modelled estimates,Sex: Female,"Age (Youth, adults): 15+",Area type: Rural,2014,235.003,Adjusted
Armenia,"Employment by sex, age and rural / urban areas -- ILO modelled estimates, Nov. 2019 (thousands)",ARM - ILO - ILO modelled estimates,Sex: Female,"Age (Youth, adults): 15+",Area type: Urban,2014,276.512,Adjusted
Armenia,"Employment by sex, age and rural / urban areas -- ILO modelled estimates, Nov. 2019 (thousands)",ARM - ILO - ILO modelled estimates,Sex: Female,"Age (Youth, adults): 15-24",Area type: National,2014,40.901,Adjusted
Armenia,"Employment by sex, age and rural / urban areas -- ILO modelled estimates, Nov. 2019 (thousands)",ARM - ILO - ILO modelled estimates,Sex: Female,"Age (Youth, adults): 15-24",Area type: Rural,2014,15.28,Adjusted
Armenia,"Employment by sex, age and rural / urban areas -- ILO modelled estimates, Nov. 2019 (thousands)",ARM - ILO - ILO modelled estimates,Sex: Female,"Age (Youth, adults): 15-24",Area type: Urban,2014,25.621,Adjusted
Armenia,"Employment by sex, age and rural / urban areas -- ILO modelled estimates, Nov. 2019 (thousands)",ARM - ILO - ILO modelled estimates,Sex: Female,"Age (Youth, adults): 25+",Area type: National,2014,470.615,Adjusted
Armenia,"Employment by sex, age and rural / urban areas -- ILO modelled estimates, Nov. 2019 (thousands)",ARM - ILO - ILO modelled estimates,Sex: Female,"Age (Youth, adults): 25+",Area type: Rural,2014,219.724,Adjusted
Armenia,"Employment by sex, age and rural / urban areas -- ILO modelled estimates, Nov. 2019 (thousands)",ARM - ILO - ILO modelled estimates,Sex: Female,"Age (Youth, adults): 25+",Area type: Urban,2014,250.891,Adjusted
Armenia,"Employment by sex, age and rural / urban areas -- ILO modelled estimates, Nov. 2019 (thousands)",ARM - ILO - ILO modelled estimates,Sex: Total,"Age (Youth, adults): 15+",Area type: National,2015,1091.034,Adjusted
Armenia,"Employment by sex, age and rural / urban areas -- ILO modelled estimates, Nov. 2019 (thousands)",ARM - ILO - ILO modelled estimates,Sex: Total,"Age (Youth, adults): 15+",Area type: Rural,2015,522.195,Adjusted
Armenia,"Employment by sex, age and rural / urban areas -- ILO modelled estimates, Nov. 2019 (thousands)",ARM - ILO - ILO modelled estimates,Sex: Total,"Age (Youth, adults): 15+",Area type: Urban,2015,568.84,Adjusted
Armenia,"Employment by sex, age and rural / urban areas -- ILO modelled estimates, Nov. 2019 (thousands)",ARM - ILO - ILO modelled estimates,Sex: Total,"Age (Youth, adults): 15-24",Area type: National,2015,115.535,Adjusted
Armenia,"Employment by sex, age and rural / urban areas -- ILO modelled estimates, Nov. 2019 (thousands)",ARM - ILO - ILO modelled estimates,Sex: Total,"Age (Youth, adults): 15-24",Area type: Rural,2015,58.799,Adjusted
Armenia,"Employment by sex, age and rural / urban areas -- ILO modelled estimates, Nov. 2019 (thousands)",ARM - ILO - ILO modelled estimates,Sex: Total,"Age (Youth, adults): 15-24",Area type: Urban,2015,56.736,Adjusted
Armenia,"Employment by sex, age and rural / urban areas -- ILO modelled estimates, Nov. 2019 (thousands)",ARM - ILO - ILO modelled estimates,Sex: Total,"Age (Youth, adults): 25+",Area type: National,2015,975.5,Adjusted
Armenia,"Employment by sex, age and rural / urban areas -- ILO modelled estimates, Nov. 2019 (thousands)",ARM - ILO - ILO modelled estimates,Sex: Total,"Age (Youth, adults): 25+",Area type: Rural,2015,463.396,Adjusted
Armenia,"Employment by sex, age and rural / urban areas -- ILO modelled estimates, Nov. 2019 (thousands)",ARM - ILO - ILO modelled estimates,Sex: Total,"Age (Youth, adults): 25+",Area type: Urban,2015,512.104,Adjusted
Armenia,"Employment by sex, age and rural / urban areas -- ILO modelled estimates, Nov. 2019 (thousands)",ARM - ILO - ILO modelled estimates,Sex: Male,"Age (Youth, adults): 15+",Area type: National,2015,585.631,Adjusted
Armenia,"Employment by sex, age and rural / urban areas -- ILO modelled estimates, Nov. 2019 (thousands)",ARM - ILO - ILO modelled estimates,Sex: Male,"Age (Youth, adults): 15+",Area type: Rural,2015,266.721,Adjusted
Armenia,"Employment by sex, age and rural / urban areas -- ILO modelled estimates, Nov. 2019 (thousands)",ARM - ILO - ILO modelled estimates,Sex: Male,"Age (Youth, adults): 15+",Area type: Urban,2015,318.91,Adjusted
Armenia,"Employment by sex, age and rural / urban areas -- ILO modelled estimates, Nov. 2019 (thousands)",ARM - ILO - ILO modelled estimates,Sex: Male,"Age (Youth, adults): 15-24",Area type: National,2015,68.25,Adjusted
Armenia,"Employment by sex, age and rural / urban areas -- ILO modelled estimates, Nov. 2019 (thousands)",ARM - ILO - ILO modelled estimates,Sex: Male,"Age (Youth, adults): 15-24",Area type: Rural,2015,35.996,Adjusted
Armenia,"Employment by sex, age and rural / urban areas -- ILO modelled estimates, Nov. 2019 (thousands)",ARM - ILO - ILO modelled estimates,Sex: Male,"Age (Youth, adults): 15-24",Area type: Urban,2015,32.254,Adjusted
Armenia,"Employment by sex, age and rural / urban areas -- ILO modelled estimates, Nov. 2019 (thousands)",ARM - ILO - ILO modelled estimates,Sex: Male,"Age (Youth, adults): 25+",Area type: National,2015,517.381,Adjusted
Armenia,"Employment by sex, age and rural / urban areas -- ILO modelled estimates, Nov. 2019 (thousands)",ARM - ILO - ILO modelled estimates,Sex: Male,"Age (Youth, adults): 25+",Area type: Rural,2015,230.725,Adjusted
Armenia,"Employment by sex, age and rural / urban areas -- ILO modelled estimates, Nov. 2019 (thousands)",ARM - ILO - ILO modelled estimates,Sex: Male,"Age (Youth, adults): 25+",Area type: Urban,2015,286.656,Adjusted
Armenia,"Employment by sex, age and rural / urban areas -- ILO modelled estimates, Nov. 2019 (thousands)",ARM - ILO - ILO modelled estimates,Sex: Female,"Age (Youth, adults): 15+",Area type: National,2015,505.403,Adjusted
Armenia,"Employment by sex, age and rural / urban areas -- ILO modelled estimates, Nov. 2019 (thousands)",ARM - ILO - ILO modelled estimates,Sex: Female,"Age (Youth, adults): 15+",Area type: Rural,2015,255.473,Adjusted
Armenia,"Employment by sex, age and rural / urban areas -- ILO modelled estimates, Nov. 2019 (thousands)",ARM - ILO - ILO modelled estimates,Sex: Female,"Age (Youth, adults): 15+",Area type: Urban,2015,249.93,Adjusted
Armenia,"Employment by sex, age and rural / urban areas -- ILO modelled estimates, Nov. 2019 (thousands)",ARM - ILO - ILO modelled estimates,Sex: Female,"Age (Youth, adults): 15-24",Area type: National,2015,47.284,Adjusted
Armenia,"Employment by sex, age and rural / urban areas -- ILO modelled estimates, Nov. 2019 (thousands)",ARM - ILO - ILO modelled estimates,Sex: Female,"Age (Youth, adults): 15-24",Area type: Rural,2015,22.802,Adjusted
Armenia,"Employment by sex, age and rural / urban areas -- ILO modelled estimates, Nov. 2019 (thousands)",ARM - ILO - ILO modelled estimates,Sex: Female,"Age (Youth, adults): 15-24",Area type: Urban,2015,24.482,Adjusted
Armenia,"Employment by sex, age and rural / urban areas -- ILO modelled estimates, Nov. 2019 (thousands)",ARM - ILO - ILO modelled estimates,Sex: Female,"Age (Youth, adults): 25+",Area type: National,2015,458.119,Adjusted
Armenia,"Employment by sex, age and rural / urban areas -- ILO modelled estimates, Nov. 2019 (thousands)",ARM - ILO - ILO modelled estimates,Sex: Female,"Age (Youth, adults): 25+",Area type: Rural,2015,232.671,Adjusted
Armenia,"Employment by sex, age and rural / urban areas -- ILO modelled estimates, Nov. 2019 (thousands)",ARM - ILO - ILO modelled estimates,Sex: Female,"Age (Youth, adults): 25+",Area type: Urban,2015,225.448,Adjusted
Armenia,"Employment by sex, age and rural / urban areas -- ILO modelled estimates, Nov. 2019 (thousands)",ARM - ILO - ILO modelled estimates,Sex: Total,"Age (Youth, adults): 15+",Area type: National,2016,1079.254,Adjusted
Armenia,"Employment by sex, age and rural / urban areas -- ILO modelled estimates, Nov. 2019 (thousands)",ARM - ILO - ILO modelled estimates,Sex: Total,"Age (Youth, adults): 15+",Area type: Rural,2016,520.507,Adjusted
Armenia,"Employment by sex, age and rural / urban areas -- ILO modelled estimates, Nov. 2019 (thousands)",ARM - ILO - ILO modelled estimates,Sex: Total,"Age (Youth, adults): 15+",Area type: Urban,2016,558.747,Adjusted
Armenia,"Employment by sex, age and rural / urban areas -- ILO modelled estimates, Nov. 2019 (thousands)",ARM - ILO - ILO modelled estimates,Sex: Total,"Age (Youth, adults): 15-24",Area type: National,2016,91.944,Adjusted
Armenia,"Employment by sex, age and rural / urban areas -- ILO modelled estimates, Nov. 2019 (thousands)",ARM - ILO - ILO modelled estimates,Sex: Total,"Age (Youth, adults): 15-24",Area type: Rural,2016,51.392,Adjusted
Armenia,"Employment by sex, age and rural / urban areas -- ILO modelled estimates, Nov. 2019 (thousands)",ARM - ILO - ILO modelled estimates,Sex: Total,"Age (Youth, adults): 15-24",Area type: Urban,2016,40.551,Adjusted
Armenia,"Employment by sex, age and rural / urban areas -- ILO modelled estimates, Nov. 2019 (thousands)",ARM - ILO - ILO modelled estimates,Sex: Total,"Age (Youth, adults): 25+",Area type: National,2016,987.311,Adjusted
Armenia,"Employment by sex, age and rural / urban areas -- ILO modelled estimates, Nov. 2019 (thousands)",ARM - ILO - ILO modelled estimates,Sex: Total,"Age (Youth, adults): 25+",Area type: Rural,2016,469.115,Adjusted
Armenia,"Employment by sex, age and rural / urban areas -- ILO modelled estimates, Nov. 2019 (thousands)",ARM - ILO - ILO modelled estimates,Sex: Total,"Age (Youth, adults): 25+",Area type: Urban,2016,518.196,Adjusted
Armenia,"Employment by sex, age and rural / urban areas -- ILO modelled estimates, Nov. 2019 (thousands)",ARM - ILO - ILO modelled estimates,Sex: Male,"Age (Youth, adults): 15+",Area type: National,2016,580.675,Adjusted
Armenia,"Employment by sex, age and rural / urban areas -- ILO modelled estimates, Nov. 2019 (thousands)",ARM - ILO - ILO modelled estimates,Sex: Male,"Age (Youth, adults): 15+",Area type: Rural,2016,274.04,Adjusted
Armenia,"Employment by sex, age and rural / urban areas -- ILO modelled estimates, Nov. 2019 (thousands)",ARM - ILO - ILO modelled estimates,Sex: Male,"Age (Youth, adults): 15+",Area type: Urban,2016,306.635,Adjusted
Armenia,"Employment by sex, age and rural / urban areas -- ILO modelled estimates, Nov. 2019 (thousands)",ARM - ILO - ILO modelled estimates,Sex: Male,"Age (Youth, adults): 15-24",Area type: National,2016,59.42,Adjusted
Armenia,"Employment by sex, age and rural / urban areas -- ILO modelled estimates, Nov. 2019 (thousands)",ARM - ILO - ILO modelled estimates,Sex: Male,"Age (Youth, adults): 15-24",Area type: Rural,2016,34.418,Adjusted
Armenia,"Employment by sex, age and rural / urban areas -- ILO modelled estimates, Nov. 2019 (thousands)",ARM - ILO - ILO modelled estimates,Sex: Male,"Age (Youth, adults): 15-24",Area type: Urban,2016,25.003,Adjusted
Armenia,"Employment by sex, age and rural / urban areas -- ILO modelled estimates, Nov. 2019 (thousands)",ARM - ILO - ILO modelled estimates,Sex: Male,"Age (Youth, adults): 25+",Area type: National,2016,521.254,Adjusted
Armenia,"Employment by sex, age and rural / urban areas -- ILO modelled estimates, Nov. 2019 (thousands)",ARM - ILO - ILO modelled estimates,Sex: Male,"Age (Youth, adults): 25+",Area type: Rural,2016,239.622,Adjusted
Armenia,"Employment by sex, age and rural / urban areas -- ILO modelled estimates, Nov. 2019 (thousands)",ARM - ILO - ILO modelled estimates,Sex: Male,"Age (Youth, adults): 25+",Area type: Urban,2016,281.632,Adjusted
Armenia,"Employment by sex, age and rural / urban areas -- ILO modelled estimates, Nov. 2019 (thousands)",ARM - ILO - ILO modelled estimates,Sex: Female,"Age (Youth, adults): 15+",Area type: National,2016,498.58,Adjusted
Armenia,"Employment by sex, age and rural / urban areas -- ILO modelled estimates, Nov. 2019 (thousands)",ARM - ILO - ILO modelled estimates,Sex: Female,"Age (Youth, adults): 15+",Area type: Rural,2016,246.467,Adjusted
Armenia,"Employment by sex, age and rural / urban areas -- ILO modelled estimates, Nov. 2019 (thousands)",ARM - ILO - ILO modelled estimates,Sex: Female,"Age (Youth, adults): 15+",Area type: Urban,2016,252.113,Adjusted
Armenia,"Employment by sex, age and rural / urban areas -- ILO modelled estimates, Nov. 2019 (thousands)",ARM - ILO - ILO modelled estimates,Sex: Female,"Age (Youth, adults): 15-24",Area type: National,2016,32.523,Adjusted
Armenia,"Employment by sex, age and rural / urban areas -- ILO modelled estimates, Nov. 2019 (thousands)",ARM - ILO - ILO modelled estimates,Sex: Female,"Age (Youth, adults): 15-24",Area type: Rural,2016,16.975,Adjusted
Armenia,"Employment by sex, age and rural / urban areas -- ILO modelled estimates, Nov. 2019 (thousands)",ARM - ILO - ILO modelled estimates,Sex: Female,"Age (Youth, adults): 15-24",Area type: Urban,2016,15.549,Adjusted
Armenia,"Employment by sex, age and rural / urban areas -- ILO modelled estimates, Nov. 2019 (thousands)",ARM - ILO - ILO modelled estimates,Sex: Female,"Age (Youth, adults): 25+",Area type: National,2016,466.056,Adjusted
Armenia,"Employment by sex, age and rural / urban areas -- ILO modelled estimates, Nov. 2019 (thousands)",ARM - ILO - ILO modelled estimates,Sex: Female,"Age (Youth, adults): 25+",Area type: Rural,2016,229.493,Adjusted
Armenia,"Employment by sex, age and rural / urban areas -- ILO modelled estimates, Nov. 2019 (thousands)",ARM - ILO - ILO modelled estimates,Sex: Female,"Age (Youth, adults): 25+",Area type: Urban,2016,236.564,Adjusted
Armenia,"Employment by sex, age and rural / urban areas -- ILO modelled estimates, Nov. 2019 (thousands)",ARM - ILO - ILO modelled estimates,Sex: Total,"Age (Youth, adults): 15+",Area type: National,2017,1072.828,Adjusted
Armenia,"Employment by sex, age and rural / urban areas -- ILO modelled estimates, Nov. 2019 (thousands)",ARM - ILO - ILO modelled estimates,Sex: Total,"Age (Youth, adults): 15+",Area type: Rural,2017,510.062,Adjusted
Armenia,"Employment by sex, age and rural / urban areas -- ILO modelled estimates, Nov. 2019 (thousands)",ARM - ILO - ILO modelled estimates,Sex: Total,"Age (Youth, adults): 15+",Area type: Urban,2017,562.766,Adjusted
Armenia,"Employment by sex, age and rural / urban areas -- ILO modelled estimates, Nov. 2019 (thousands)",ARM - ILO - ILO modelled estimates,Sex: Total,"Age (Youth, adults): 15-24",Area type: National,2017,85.936,Adjusted
Armenia,"Employment by sex, age and rural / urban areas -- ILO modelled estimates, Nov. 2019 (thousands)",ARM - ILO - ILO modelled estimates,Sex: Total,"Age (Youth, adults): 15-24",Area type: Rural,2017,42.49,Adjusted
Armenia,"Employment by sex, age and rural / urban areas -- ILO modelled estimates, Nov. 2019 (thousands)",ARM - ILO - ILO modelled estimates,Sex: Total,"Age (Youth, adults): 15-24",Area type: Urban,2017,43.446,Adjusted
Armenia,"Employment by sex, age and rural / urban areas -- ILO modelled estimates, Nov. 2019 (thousands)",ARM - ILO - ILO modelled estimates,Sex: Total,"Age (Youth, adults): 25+",Area type: National,2017,986.891,Adjusted
Armenia,"Employment by sex, age and rural / urban areas -- ILO modelled estimates, Nov. 2019 (thousands)",ARM - ILO - ILO modelled estimates,Sex: Total,"Age (Youth, adults): 25+",Area type: Rural,2017,467.571,Adjusted
Armenia,"Employment by sex, age and rural / urban areas -- ILO modelled estimates, Nov. 2019 (thousands)",ARM - ILO - ILO modelled estimates,Sex: Total,"Age (Youth, adults): 25+",Area type: Urban,2017,519.32,Adjusted
Armenia,"Employment by sex, age and rural / urban areas -- ILO modelled estimates, Nov. 2019 (thousands)",ARM - ILO - ILO modelled estimates,Sex: Male,"Age (Youth, adults): 15+",Area type: National,2017,575.615,Adjusted
Armenia,"Employment by sex, age and rural / urban areas -- ILO modelled estimates, Nov. 2019 (thousands)",ARM - ILO - ILO modelled estimates,Sex: Male,"Age (Youth, adults): 15+",Area type: Rural,2017,272.863,Adjusted
Armenia,"Employment by sex, age and rural / urban areas -- ILO modelled estimates, Nov. 2019 (thousands)",ARM - ILO - ILO modelled estimates,Sex: Male,"Age (Youth, adults): 15+",Area type: Urban,2017,302.752,Adjusted
Armenia,"Employment by sex, age and rural / urban areas -- ILO modelled estimates, Nov. 2019 (thousands)",ARM - ILO - ILO modelled estimates,Sex: Male,"Age (Youth, adults): 15-24",Area type: National,2017,52.212,Adjusted
Armenia,"Employment by sex, age and rural / urban areas -- ILO modelled estimates, Nov. 2019 (thousands)",ARM - ILO - ILO modelled estimates,Sex: Male,"Age (Youth, adults): 15-24",Area type: Rural,2017,29.739,Adjusted
Armenia,"Employment by sex, age and rural / urban areas -- ILO modelled estimates, Nov. 2019 (thousands)",ARM - ILO - ILO modelled estimates,Sex: Male,"Age (Youth, adults): 15-24",Area type: Urban,2017,22.473,Adjusted
Armenia,"Employment by sex, age and rural / urban areas -- ILO modelled estimates, Nov. 2019 (thousands)",ARM - ILO - ILO modelled estimates,Sex: Male,"Age (Youth, adults): 25+",Area type: National,2017,523.402,Adjusted
Armenia,"Employment by sex, age and rural / urban areas -- ILO modelled estimates, Nov. 2019 (thousands)",ARM - ILO - ILO modelled estimates,Sex: Male,"Age (Youth, adults): 25+",Area type: Rural,2017,243.124,Adjusted
Armenia,"Employment by sex, age and rural / urban areas -- ILO modelled estimates, Nov. 2019 (thousands)",ARM - ILO - ILO modelled estimates,Sex: Male,"Age (Youth, adults): 25+",Area type: Urban,2017,280.279,Adjusted
Armenia,"Employment by sex, age and rural / urban areas -- ILO modelled estimates, Nov. 2019 (thousands)",ARM - ILO - ILO modelled estimates,Sex: Female,"Age (Youth, adults): 15+",Area type: National,2017,497.213,Adjusted
Armenia,"Employment by sex, age and rural / urban areas -- ILO modelled estimates, Nov. 2019 (thousands)",ARM - ILO - ILO modelled estimates,Sex: Female,"Age (Youth, adults): 15+",Area type: Rural,2017,237.198,Adjusted
Armenia,"Employment by sex, age and rural / urban areas -- ILO modelled estimates, Nov. 2019 (thousands)",ARM - ILO - ILO modelled estimates,Sex: Female,"Age (Youth, adults): 15+",Area type: Urban,2017,260.014,Adjusted
Armenia,"Employment by sex, age and rural / urban areas -- ILO modelled estimates, Nov. 2019 (thousands)",ARM - ILO - ILO modelled estimates,Sex: Female,"Age (Youth, adults): 15-24",Area type: National,2017,33.724,Adjusted
Armenia,"Employment by sex, age and rural / urban areas -- ILO modelled estimates, Nov. 2019 (thousands)",ARM - ILO - ILO modelled estimates,Sex: Female,"Age (Youth, adults): 15-24",Area type: Rural,2017,12.751,Adjusted
Armenia,"Employment by sex, age and rural / urban areas -- ILO modelled estimates, Nov. 2019 (thousands)",ARM - ILO - ILO modelled estimates,Sex: Female,"Age (Youth, adults): 15-24",Area type: Urban,2017,20.973,Adjusted
Armenia,"Employment by sex, age and rural / urban areas -- ILO modelled estimates, Nov. 2019 (thousands)",ARM - ILO - ILO modelled estimates,Sex: Female,"Age (Youth, adults): 25+",Area type: National,2017,463.489,Adjusted
Armenia,"Employment by sex, age and rural / urban areas -- ILO modelled estimates, Nov. 2019 (thousands)",ARM - ILO - ILO modelled estimates,Sex: Female,"Age (Youth, adults): 25+",Area type: Rural,2017,224.448,Adjusted
Armenia,"Employment by sex, age and rural / urban areas -- ILO modelled estimates, Nov. 2019 (thousands)",ARM - ILO - ILO modelled estimates,Sex: Female,"Age (Youth, adults): 25+",Area type: Urban,2017,239.041,Adjusted
Armenia,"Employment by sex, age and rural / urban areas -- ILO modelled estimates, Nov. 2019 (thousands)",ARM - ILO - ILO modelled estimates,Sex: Total,"Age (Youth, adults): 15+",Area type: National,2018,1075.089,
Armenia,"Employment by sex, age and rural / urban areas -- ILO modelled estimates, Nov. 2019 (thousands)",ARM - ILO - ILO modelled estimates,Sex: Total,"Age (Youth, adults): 15+",Area type: Rural,2018,510.653,
Armenia,"Employment by sex, age and rural / urban areas -- ILO modelled estimates, Nov. 2019 (thousands)",ARM - ILO - ILO modelled estimates,Sex: Total,"Age (Youth, adults): 15+",Area type: Urban,2018,564.436,
Armenia,"Employment by sex, age and rural / urban areas -- ILO modelled estimates, Nov. 2019 (thousands)",ARM - ILO - ILO modelled estimates,Sex: Total,"Age (Youth, adults): 15-24",Area type: National,2018,80.12,
Armenia,"Employment by sex, age and rural / urban areas -- ILO modelled estimates, Nov. 2019 (thousands)",ARM - ILO - ILO modelled estimates,Sex: Total,"Age (Youth, adults): 15-24",Area type: Rural,2018,39.845,
Armenia,"Employment by sex, age and rural / urban areas -- ILO modelled estimates, Nov. 2019 (thousands)",ARM - ILO - ILO modelled estimates,Sex: Total,"Age (Youth, adults): 15-24",Area type: Urban,2018,40.275,
Armenia,"Employment by sex, age and rural / urban areas -- ILO modelled estimates, Nov. 2019 (thousands)",ARM - ILO - ILO modelled estimates,Sex: Total,"Age (Youth, adults): 25+",Area type: National,2018,994.969,
Armenia,"Employment by sex, age and rural / urban areas -- ILO modelled estimates, Nov. 2019 (thousands)",ARM - ILO - ILO modelled estimates,Sex: Total,"Age (Youth, adults): 25+",Area type: Rural,2018,470.807,
Armenia,"Employment by sex, age and rural / urban areas -- ILO modelled estimates, Nov. 2019 (thousands)",ARM - ILO - ILO modelled estimates,Sex: Total,"Age (Youth, adults): 25+",Area type: Urban,2018,524.161,
Armenia,"Employment by sex, age and rural / urban areas -- ILO modelled estimates, Nov. 2019 (thousands)",ARM - ILO - ILO modelled estimates,Sex: Male,"Age (Youth, adults): 15+",Area type: National,2018,576.776,
Armenia,"Employment by sex, age and rural / urban areas -- ILO modelled estimates, Nov. 2019 (thousands)",ARM - ILO - ILO modelled estimates,Sex: Male,"Age (Youth, adults): 15+",Area type: Rural,2018,272.836,
Armenia,"Employment by sex, age and rural / urban areas -- ILO modelled estimates, Nov. 2019 (thousands)",ARM - ILO - ILO modelled estimates,Sex: Male,"Age (Youth, adults): 15+",Area type: Urban,2018,303.94,
Armenia,"Employment by sex, age and rural / urban areas -- ILO modelled estimates, Nov. 2019 (thousands)",ARM - ILO - ILO modelled estimates,Sex: Male,"Age (Youth, adults): 15-24",Area type: National,2018,49.585,
Armenia,"Employment by sex, age and rural / urban areas -- ILO modelled estimates, Nov. 2019 (thousands)",ARM - ILO - ILO modelled estimates,Sex: Male,"Age (Youth, adults): 15-24",Area type: Rural,2018,28.224,
Armenia,"Employment by sex, age and rural / urban areas -- ILO modelled estimates, Nov. 2019 (thousands)",ARM - ILO - ILO modelled estimates,Sex: Male,"Age (Youth, adults): 15-24",Area type: Urban,2018,21.361,
Armenia,"Employment by sex, age and rural / urban areas -- ILO modelled estimates, Nov. 2019 (thousands)",ARM - ILO - ILO modelled estimates,Sex: Male,"Age (Youth, adults): 25+",Area type: National,2018,527.191,
Armenia,"Employment by sex, age and rural / urban areas -- ILO modelled estimates, Nov. 2019 (thousands)",ARM - ILO - ILO modelled estimates,Sex: Male,"Age (Youth, adults): 25+",Area type: Rural,2018,244.612,
Armenia,"Employment by sex, age and rural / urban areas -- ILO modelled estimates, Nov. 2019 (thousands)",ARM - ILO - ILO modelled estimates,Sex: Male,"Age (Youth, adults): 25+",Area type: Urban,2018,282.578,
Armenia,"Employment by sex, age and rural / urban areas -- ILO modelled estimates, Nov. 2019 (thousands)",ARM - ILO - ILO modelled estimates,Sex: Female,"Age (Youth, adults): 15+",Area type: National,2018,498.313,
Armenia,"Employment by sex, age and rural / urban areas -- ILO modelled estimates, Nov. 2019 (thousands)",ARM - ILO - ILO modelled estimates,Sex: Female,"Age (Youth, adults): 15+",Area type: Rural,2018,237.817,
Armenia,"Employment by sex, age and rural / urban areas -- ILO modelled estimates, Nov. 2019 (thousands)",ARM - ILO - ILO modelled estimates,Sex: Female,"Age (Youth, adults): 15+",Area type: Urban,2018,260.497,
Armenia,"Employment by sex, age and rural / urban areas -- ILO modelled estimates, Nov. 2019 (thousands)",ARM - ILO - ILO modelled estimates,Sex: Female,"Age (Youth, adults): 15-24",Area type: National,2018,30.535,
Armenia,"Employment by sex, age and rural / urban areas -- ILO modelled estimates, Nov. 2019 (thousands)",ARM - ILO - ILO modelled estimates,Sex: Female,"Age (Youth, adults): 15-24",Area type: Rural,2018,11.621,
Armenia,"Employment by sex, age and rural / urban areas -- ILO modelled estimates, Nov. 2019 (thousands)",ARM - ILO - ILO modelled estimates,Sex: Female,"Age (Youth, adults): 15-24",Area type: Urban,2018,18.914,
Armenia,"Employment by sex, age and rural / urban areas -- ILO modelled estimates, Nov. 2019 (thousands)",ARM - ILO - ILO modelled estimates,Sex: Female,"Age (Youth, adults): 25+",Area type: National,2018,467.778,
Armenia,"Employment by sex, age and rural / urban areas -- ILO modelled estimates, Nov. 2019 (thousands)",ARM - ILO - ILO modelled estimates,Sex: Female,"Age (Youth, adults): 25+",Area type: Rural,2018,226.195,
Armenia,"Employment by sex, age and rural / urban areas -- ILO modelled estimates, Nov. 2019 (thousands)",ARM - ILO - ILO modelled estimates,Sex: Female,"Age (Youth, adults): 25+",Area type: Urban,2018,241.583,
Armenia,"Employment by sex, age and rural / urban areas -- ILO modelled estimates, Nov. 2019 (thousands)",ARM - ILO - ILO modelled estimates,Sex: Total,"Age (Youth, adults): 15+",Area type: National,2019,1082.086,
Armenia,"Employment by sex, age and rural / urban areas -- ILO modelled estimates, Nov. 2019 (thousands)",ARM - ILO - ILO modelled estimates,Sex: Total,"Age (Youth, adults): 15+",Area type: Rural,2019,512.459,
Armenia,"Employment by sex, age and rural / urban areas -- ILO modelled estimates, Nov. 2019 (thousands)",ARM - ILO - ILO modelled estimates,Sex: Total,"Age (Youth, adults): 15+",Area type: Urban,2019,569.627,
Armenia,"Employment by sex, age and rural / urban areas -- ILO modelled estimates, Nov. 2019 (thousands)",ARM - ILO - ILO modelled estimates,Sex: Total,"Age (Youth, adults): 15-24",Area type: National,2019,79.693,
Armenia,"Employment by sex, age and rural / urban areas -- ILO modelled estimates, Nov. 2019 (thousands)",ARM - ILO - ILO modelled estimates,Sex: Total,"Age (Youth, adults): 15-24",Area type: Rural,2019,39.041,
Armenia,"Employment by sex, age and rural / urban areas -- ILO modelled estimates, Nov. 2019 (thousands)",ARM - ILO - ILO modelled estimates,Sex: Total,"Age (Youth, adults): 15-24",Area type: Urban,2019,40.652,
Armenia,"Employment by sex, age and rural / urban areas -- ILO modelled estimates, Nov. 2019 (thousands)",ARM - ILO - ILO modelled estimates,Sex: Total,"Age (Youth, adults): 25+",Area type: National,2019,1002.394,
Armenia,"Employment by sex, age and rural / urban areas -- ILO modelled estimates, Nov. 2019 (thousands)",ARM - ILO - ILO modelled estimates,Sex: Total,"Age (Youth, adults): 25+",Area type: Rural,2019,473.418,
Armenia,"Employment by sex, age and rural / urban areas -- ILO modelled estimates, Nov. 2019 (thousands)",ARM - ILO - ILO modelled estimates,Sex: Total,"Age (Youth, adults): 25+",Area type: Urban,2019,528.976,
Armenia,"Employment by sex, age and rural / urban areas -- ILO modelled estimates, Nov. 2019 (thousands)",ARM - ILO - ILO modelled estimates,Sex: Male,"Age (Youth, adults): 15+",Area type: National,2019,584.35,
Armenia,"Employment by sex, age and rural / urban areas -- ILO modelled estimates, Nov. 2019 (thousands)",ARM - ILO - ILO modelled estimates,Sex: Male,"Age (Youth, adults): 15+",Area type: Rural,2019,274.345,
Armenia,"Employment by sex, age and rural / urban areas -- ILO modelled estimates, Nov. 2019 (thousands)",ARM - ILO - ILO modelled estimates,Sex: Male,"Age (Youth, adults): 15+",Area type: Urban,2019,310.005,
Armenia,"Employment by sex, age and rural / urban areas -- ILO modelled estimates, Nov. 2019 (thousands)",ARM - ILO - ILO modelled estimates,Sex: Male,"Age (Youth, adults): 15-24",Area type: National,2019,49.821,
Armenia,"Employment by sex, age and rural / urban areas -- ILO modelled estimates, Nov. 2019 (thousands)",ARM - ILO - ILO modelled estimates,Sex: Male,"Age (Youth, adults): 15-24",Area type: Rural,2019,27.773,
Armenia,"Employment by sex, age and rural / urban areas -- ILO modelled estimates, Nov. 2019 (thousands)",ARM - ILO - ILO modelled estimates,Sex: Male,"Age (Youth, adults): 15-24",Area type: Urban,2019,22.047,
Armenia,"Employment by sex, age and rural / urban areas -- ILO modelled estimates, Nov. 2019 (thousands)",ARM - ILO - ILO modelled estimates,Sex: Male,"Age (Youth, adults): 25+",Area type: National,2019,534.529,
Armenia,"Employment by sex, age and rural / urban areas -- ILO modelled estimates, Nov. 2019 (thousands)",ARM - ILO - ILO modelled estimates,Sex: Male,"Age (Youth, adults): 25+",Area type: Rural,2019,246.571,
Armenia,"Employment by sex, age and rural / urban areas -- ILO modelled estimates, Nov. 2019 (thousands)",ARM - ILO - ILO modelled estimates,Sex: Male,"Age (Youth, adults): 25+",Area type: Urban,2019,287.958,
Armenia,"Employment by sex, age and rural / urban areas -- ILO modelled estimates, Nov. 2019 (thousands)",ARM - ILO - ILO modelled estimates,Sex: Female,"Age (Youth, adults): 15+",Area type: National,2019,497.736,
Armenia,"Employment by sex, age and rural / urban areas -- ILO modelled estimates, Nov. 2019 (thousands)",ARM - ILO - ILO modelled estimates,Sex: Female,"Age (Youth, adults): 15+",Area type: Rural,2019,238.114,
Armenia,"Employment by sex, age and rural / urban areas -- ILO modelled estimates, Nov. 2019 (thousands)",ARM - ILO - ILO modelled estimates,Sex: Female,"Age (Youth, adults): 15+",Area type: Urban,2019,259.622,
Armenia,"Employment by sex, age and rural / urban areas -- ILO modelled estimates, Nov. 2019 (thousands)",ARM - ILO - ILO modelled estimates,Sex: Female,"Age (Youth, adults): 15-24",Area type: National,2019,29.872,
Armenia,"Employment by sex, age and rural / urban areas -- ILO modelled estimates, Nov. 2019 (thousands)",ARM - ILO - ILO modelled estimates,Sex: Female,"Age (Youth, adults): 15-24",Area type: Rural,2019,11.268,
Armenia,"Employment by sex, age and rural / urban areas -- ILO modelled estimates, Nov. 2019 (thousands)",ARM - ILO - ILO modelled estimates,Sex: Female,"Age (Youth, adults): 15-24",Area type: Urban,2019,18.604,
Armenia,"Employment by sex, age and rural / urban areas -- ILO modelled estimates, Nov. 2019 (thousands)",ARM - ILO - ILO modelled estimates,Sex: Female,"Age (Youth, adults): 25+",Area type: National,2019,467.864,
Armenia,"Employment by sex, age and rural / urban areas -- ILO modelled estimates, Nov. 2019 (thousands)",ARM - ILO - ILO modelled estimates,Sex: Female,"Age (Youth, adults): 25+",Area type: Rural,2019,226.847,
Armenia,"Employment by sex, age and rural / urban areas -- ILO modelled estimates, Nov. 2019 (thousands)",ARM - ILO - ILO modelled estimates,Sex: Female,"Age (Youth, adults): 25+",Area type: Urban,2019,241.018,
Armenia,"Employment by sex, age and rural / urban areas -- ILO modelled estimates, Nov. 2019 (thousands)",ARM - ILO - ILO modelled estimates,Sex: Total,"Age (Youth, adults): 15+",Area type: National,2020,1086.158,
Armenia,"Employment by sex, age and rural / urban areas -- ILO modelled estimates, Nov. 2019 (thousands)",ARM - ILO - ILO modelled estimates,Sex: Total,"Age (Youth, adults): 15+",Area type: Rural,2020,513.36,
Armenia,"Employment by sex, age and rural / urban areas -- ILO modelled estimates, Nov. 2019 (thousands)",ARM - ILO - ILO modelled estimates,Sex: Total,"Age (Youth, adults): 15+",Area type: Urban,2020,572.798,
Armenia,"Employment by sex, age and rural / urban areas -- ILO modelled estimates, Nov. 2019 (thousands)",ARM - ILO - ILO modelled estimates,Sex: Total,"Age (Youth, adults): 15-24",Area type: National,2020,79.005,
Armenia,"Employment by sex, age and rural / urban areas -- ILO modelled estimates, Nov. 2019 (thousands)",ARM - ILO - ILO modelled estimates,Sex: Total,"Age (Youth, adults): 15-24",Area type: Rural,2020,38.412,
Armenia,"Employment by sex, age and rural / urban areas -- ILO modelled estimates, Nov. 2019 (thousands)",ARM - ILO - ILO modelled estimates,Sex: Total,"Age (Youth, adults): 15-24",Area type: Urban,2020,40.593,
Armenia,"Employment by sex, age and rural / urban areas -- ILO modelled estimates, Nov. 2019 (thousands)",ARM - ILO - ILO modelled estimates,Sex: Total,"Age (Youth, adults): 25+",Area type: National,2020,1007.153,
Armenia,"Employment by sex, age and rural / urban areas -- ILO modelled estimates, Nov. 2019 (thousands)",ARM - ILO - ILO modelled estimates,Sex: Total,"Age (Youth, adults): 25+",Area type: Rural,2020,474.948,
Armenia,"Employment by sex, age and rural / urban areas -- ILO modelled estimates, Nov. 2019 (thousands)",ARM - ILO - ILO modelled estimates,Sex: Total,"Age (Youth, adults): 25+",Area type: Urban,2020,532.205,
Armenia,"Employment by sex, age and rural / urban areas -- ILO modelled estimates, Nov. 2019 (thousands)",ARM - ILO - ILO modelled estimates,Sex: Male,"Age (Youth, adults): 15+",Area type: National,2020,589.804,
Armenia,"Employment by sex, age and rural / urban areas -- ILO modelled estimates, Nov. 2019 (thousands)",ARM - ILO - ILO modelled estimates,Sex: Male,"Age (Youth, adults): 15+",Area type: Rural,2020,275.353,
Armenia,"Employment by sex, age and rural / urban areas -- ILO modelled estimates, Nov. 2019 (thousands)",ARM - ILO - ILO modelled estimates,Sex: Male,"Age (Youth, adults): 15+",Area type: Urban,2020,314.45,
Armenia,"Employment by sex, age and rural / urban areas -- ILO modelled estimates, Nov. 2019 (thousands)",ARM - ILO - ILO modelled estimates,Sex: Male,"Age (Youth, adults): 15-24",Area type: National,2020,49.859,
Armenia,"Employment by sex, age and rural / urban areas -- ILO modelled estimates, Nov. 2019 (thousands)",ARM - ILO - ILO modelled estimates,Sex: Male,"Age (Youth, adults): 15-24",Area type: Rural,2020,27.439,
Armenia,"Employment by sex, age and rural / urban areas -- ILO modelled estimates, Nov. 2019 (thousands)",ARM - ILO - ILO modelled estimates,Sex: Male,"Age (Youth, adults): 15-24",Area type: Urban,2020,22.42,
Armenia,"Employment by sex, age and rural / urban areas -- ILO modelled estimates, Nov. 2019 (thousands)",ARM - ILO - ILO modelled estimates,Sex: Male,"Age (Youth, adults): 25+",Area type: National,2020,539.944,
Armenia,"Employment by sex, age and rural / urban areas -- ILO modelled estimates, Nov. 2019 (thousands)",ARM - ILO - ILO modelled estimates,Sex: Male,"Age (Youth, adults): 25+",Area type: Rural,2020,247.914,
Armenia,"Employment by sex, age and rural / urban areas -- ILO modelled estimates, Nov. 2019 (thousands)",ARM - ILO - ILO modelled estimates,Sex: Male,"Age (Youth, adults): 25+",Area type: Urban,2020,292.03,
Armenia,"Employment by sex, age and rural / urban areas -- ILO modelled estimates, Nov. 2019 (thousands)",ARM - ILO - ILO modelled estimates,Sex: Female,"Age (Youth, adults): 15+",Area type: National,2020,496.354,
Armenia,"Employment by sex, age and rural / urban areas -- ILO modelled estimates, Nov. 2019 (thousands)",ARM - ILO - ILO modelled estimates,Sex: Female,"Age (Youth, adults): 15+",Area type: Rural,2020,238.006,
Armenia,"Employment by sex, age and rural / urban areas -- ILO modelled estimates, Nov. 2019 (thousands)",ARM - ILO - ILO modelled estimates,Sex: Female,"Age (Youth, adults): 15+",Area type: Urban,2020,258.348,
Armenia,"Employment by sex, age and rural / urban areas -- ILO modelled estimates, Nov. 2019 (thousands)",ARM - ILO - ILO modelled estimates,Sex: Female,"Age (Youth, adults): 15-24",Area type: National,2020,29.145,
Armenia,"Employment by sex, age and rural / urban areas -- ILO modelled estimates, Nov. 2019 (thousands)",ARM - ILO - ILO modelled estimates,Sex: Female,"Age (Youth, adults): 15-24",Area type: Rural,2020,10.973,
Armenia,"Employment by sex, age and rural / urban areas -- ILO modelled estimates, Nov. 2019 (thousands)",ARM - ILO - ILO modelled estimates,Sex: Female,"Age (Youth, adults): 15-24",Area type: Urban,2020,18.173,
Armenia,"Employment by sex, age and rural / urban areas -- ILO modelled estimates, Nov. 2019 (thousands)",ARM - ILO - ILO modelled estimates,Sex: Female,"Age (Youth, adults): 25+",Area type: National,2020,467.209,
Armenia,"Employment by sex, age and rural / urban areas -- ILO modelled estimates, Nov. 2019 (thousands)",ARM - ILO - ILO modelled estimates,Sex: Female,"Age (Youth, adults): 25+",Area type: Rural,2020,227.034,
Armenia,"Employment by sex, age and rural / urban areas -- ILO modelled estimates, Nov. 2019 (thousands)",ARM - ILO - ILO modelled estimates,Sex: Female,"Age (Youth, adults): 25+",Area type: Urban,2020,240.175,
