ref_area.label,indicator.label,source.label,sex.label,classif1.label,classif2.label,time,obs_value,obs_status.label,note_classif.label,note_indicator.label,note_source.label
Armenia,"Unemployment by sex, education and rural / urban areas (thousands)",ARM - LFS - Household Labour Force Survey,Sex: Total,Education (Aggregate levels): Total,Area type: National,2008,300.5921,,,,Repository: ILO-STATISTICS - Micro data processing | Age coverage - maximum age: 75 years old
Armenia,"Unemployment by sex, education and rural / urban areas (thousands)",ARM - LFS - Household Labour Force Survey,Sex: Total,Education (Aggregate levels): Total,Area type: Rural,2008,72.0312,,,,Repository: ILO-STATISTICS - Micro data processing | Age coverage - maximum age: 75 years old
Armenia,"Unemployment by sex, education and rural / urban areas (thousands)",ARM - LFS - Household Labour Force Survey,Sex: Total,Education (Aggregate levels): Total,Area type: Urban,2008,228.5609,,,,Repository: ILO-STATISTICS - Micro data processing | Age coverage - maximum age: 75 years old
Armenia,"Unemployment by sex, education and rural / urban areas (thousands)",ARM - LFS - Household Labour Force Survey,Sex: Total,Education (Aggregate levels): Less than basic,Area type: National,2008,,Unreliable,,,Repository: ILO-STATISTICS - Micro data processing | Age coverage - maximum age: 75 years old
Armenia,"Unemployment by sex, education and rural / urban areas (thousands)",ARM - LFS - Household Labour Force Survey,Sex: Total,Education (Aggregate levels): Less than basic,Area type: Urban,2008,,Unreliable,,,Repository: ILO-STATISTICS - Micro data processing | Age coverage - maximum age: 75 years old
Armenia,"Unemployment by sex, education and rural / urban areas (thousands)",ARM - LFS - Household Labour Force Survey,Sex: Total,Education (Aggregate levels): Basic,Area type: National,2008,33.4023,,,,Repository: ILO-STATISTICS - Micro data processing | Age coverage - maximum age: 75 years old
Armenia,"Unemployment by sex, education and rural / urban areas (thousands)",ARM - LFS - Household Labour Force Survey,Sex: Total,Education (Aggregate levels): Basic,Area type: Rural,2008,9.6587,,,,Repository: ILO-STATISTICS - Micro data processing | Age coverage - maximum age: 75 years old
Armenia,"Unemployment by sex, education and rural / urban areas (thousands)",ARM - LFS - Household Labour Force Survey,Sex: Total,Education (Aggregate levels): Basic,Area type: Urban,2008,23.7436,,,,Repository: ILO-STATISTICS - Micro data processing | Age coverage - maximum age: 75 years old
Armenia,"Unemployment by sex, education and rural / urban areas (thousands)",ARM - LFS - Household Labour Force Survey,Sex: Total,Education (Aggregate levels): Intermediate,Area type: National,2008,204.8484,,,,Repository: ILO-STATISTICS - Micro data processing | Age coverage - maximum age: 75 years old
Armenia,"Unemployment by sex, education and rural / urban areas (thousands)",ARM - LFS - Household Labour Force Survey,Sex: Total,Education (Aggregate levels): Intermediate,Area type: Rural,2008,57.1429,,,,Repository: ILO-STATISTICS - Micro data processing | Age coverage - maximum age: 75 years old
Armenia,"Unemployment by sex, education and rural / urban areas (thousands)",ARM - LFS - Household Labour Force Survey,Sex: Total,Education (Aggregate levels): Intermediate,Area type: Urban,2008,147.7056,,,,Repository: ILO-STATISTICS - Micro data processing | Age coverage - maximum age: 75 years old
Armenia,"Unemployment by sex, education and rural / urban areas (thousands)",ARM - LFS - Household Labour Force Survey,Sex: Total,Education (Aggregate levels): Advanced,Area type: National,2008,61.9489,,,,Repository: ILO-STATISTICS - Micro data processing | Age coverage - maximum age: 75 years old
Armenia,"Unemployment by sex, education and rural / urban areas (thousands)",ARM - LFS - Household Labour Force Survey,Sex: Total,Education (Aggregate levels): Advanced,Area type: Rural,2008,5.2297,Unreliable,,,Repository: ILO-STATISTICS - Micro data processing | Age coverage - maximum age: 75 years old
Armenia,"Unemployment by sex, education and rural / urban areas (thousands)",ARM - LFS - Household Labour Force Survey,Sex: Total,Education (Aggregate levels): Advanced,Area type: Urban,2008,56.7192,,,,Repository: ILO-STATISTICS - Micro data processing | Age coverage - maximum age: 75 years old
Armenia,"Unemployment by sex, education and rural / urban areas (thousands)",ARM - LFS - Household Labour Force Survey,Sex: Male,Education (Aggregate levels): Total,Area type: National,2008,143.4084,,,,Repository: ILO-STATISTICS - Micro data processing | Age coverage - maximum age: 75 years old
Armenia,"Unemployment by sex, education and rural / urban areas (thousands)",ARM - LFS - Household Labour Force Survey,Sex: Male,Education (Aggregate levels): Total,Area type: Rural,2008,30.0795,,,,Repository: ILO-STATISTICS - Micro data processing | Age coverage - maximum age: 75 years old
Armenia,"Unemployment by sex, education and rural / urban areas (thousands)",ARM - LFS - Household Labour Force Survey,Sex: Male,Education (Aggregate levels): Total,Area type: Urban,2008,113.3289,,,,Repository: ILO-STATISTICS - Micro data processing | Age coverage - maximum age: 75 years old
Armenia,"Unemployment by sex, education and rural / urban areas (thousands)",ARM - LFS - Household Labour Force Survey,Sex: Male,Education (Aggregate levels): Less than basic,Area type: National,2008,,Unreliable,,,Repository: ILO-STATISTICS - Micro data processing | Age coverage - maximum age: 75 years old
Armenia,"Unemployment by sex, education and rural / urban areas (thousands)",ARM - LFS - Household Labour Force Survey,Sex: Male,Education (Aggregate levels): Less than basic,Area type: Urban,2008,,Unreliable,,,Repository: ILO-STATISTICS - Micro data processing | Age coverage - maximum age: 75 years old
Armenia,"Unemployment by sex, education and rural / urban areas (thousands)",ARM - LFS - Household Labour Force Survey,Sex: Male,Education (Aggregate levels): Basic,Area type: National,2008,20.78,,,,Repository: ILO-STATISTICS - Micro data processing | Age coverage - maximum age: 75 years old
Armenia,"Unemployment by sex, education and rural / urban areas (thousands)",ARM - LFS - Household Labour Force Survey,Sex: Male,Education (Aggregate levels): Basic,Area type: Rural,2008,6.6788,,,,Repository: ILO-STATISTICS - Micro data processing | Age coverage - maximum age: 75 years old
Armenia,"Unemployment by sex, education and rural / urban areas (thousands)",ARM - LFS - Household Labour Force Survey,Sex: Male,Education (Aggregate levels): Basic,Area type: Urban,2008,14.1012,,,,Repository: ILO-STATISTICS - Micro data processing | Age coverage - maximum age: 75 years old
Armenia,"Unemployment by sex, education and rural / urban areas (thousands)",ARM - LFS - Household Labour Force Survey,Sex: Male,Education (Aggregate levels): Intermediate,Area type: National,2008,94.6505,,,,Repository: ILO-STATISTICS - Micro data processing | Age coverage - maximum age: 75 years old
Armenia,"Unemployment by sex, education and rural / urban areas (thousands)",ARM - LFS - Household Labour Force Survey,Sex: Male,Education (Aggregate levels): Intermediate,Area type: Rural,2008,21.9573,,,,Repository: ILO-STATISTICS - Micro data processing | Age coverage - maximum age: 75 years old
Armenia,"Unemployment by sex, education and rural / urban areas (thousands)",ARM - LFS - Household Labour Force Survey,Sex: Male,Education (Aggregate levels): Intermediate,Area type: Urban,2008,72.6931,,,,Repository: ILO-STATISTICS - Micro data processing | Age coverage - maximum age: 75 years old
Armenia,"Unemployment by sex, education and rural / urban areas (thousands)",ARM - LFS - Household Labour Force Survey,Sex: Male,Education (Aggregate levels): Advanced,Area type: National,2008,27.5855,,,,Repository: ILO-STATISTICS - Micro data processing | Age coverage - maximum age: 75 years old
Armenia,"Unemployment by sex, education and rural / urban areas (thousands)",ARM - LFS - Household Labour Force Survey,Sex: Male,Education (Aggregate levels): Advanced,Area type: Rural,2008,,Unreliable,,,Repository: ILO-STATISTICS - Micro data processing | Age coverage - maximum age: 75 years old
Armenia,"Unemployment by sex, education and rural / urban areas (thousands)",ARM - LFS - Household Labour Force Survey,Sex: Male,Education (Aggregate levels): Advanced,Area type: Urban,2008,26.1421,,,,Repository: ILO-STATISTICS - Micro data processing | Age coverage - maximum age: 75 years old
Armenia,"Unemployment by sex, education and rural / urban areas (thousands)",ARM - LFS - Household Labour Force Survey,Sex: Female,Education (Aggregate levels): Total,Area type: National,2008,157.1837,,,,Repository: ILO-STATISTICS - Micro data processing | Age coverage - maximum age: 75 years old
Armenia,"Unemployment by sex, education and rural / urban areas (thousands)",ARM - LFS - Household Labour Force Survey,Sex: Female,Education (Aggregate levels): Total,Area type: Rural,2008,41.9517,,,,Repository: ILO-STATISTICS - Micro data processing | Age coverage - maximum age: 75 years old
Armenia,"Unemployment by sex, education and rural / urban areas (thousands)",ARM - LFS - Household Labour Force Survey,Sex: Female,Education (Aggregate levels): Total,Area type: Urban,2008,115.232,,,,Repository: ILO-STATISTICS - Micro data processing | Age coverage - maximum age: 75 years old
Armenia,"Unemployment by sex, education and rural / urban areas (thousands)",ARM - LFS - Household Labour Force Survey,Sex: Female,Education (Aggregate levels): Basic,Area type: National,2008,12.6223,,,,Repository: ILO-STATISTICS - Micro data processing | Age coverage - maximum age: 75 years old
Armenia,"Unemployment by sex, education and rural / urban areas (thousands)",ARM - LFS - Household Labour Force Survey,Sex: Female,Education (Aggregate levels): Basic,Area type: Rural,2008,2.9799,Unreliable,,,Repository: ILO-STATISTICS - Micro data processing | Age coverage - maximum age: 75 years old
Armenia,"Unemployment by sex, education and rural / urban areas (thousands)",ARM - LFS - Household Labour Force Survey,Sex: Female,Education (Aggregate levels): Basic,Area type: Urban,2008,9.6425,,,,Repository: ILO-STATISTICS - Micro data processing | Age coverage - maximum age: 75 years old
Armenia,"Unemployment by sex, education and rural / urban areas (thousands)",ARM - LFS - Household Labour Force Survey,Sex: Female,Education (Aggregate levels): Intermediate,Area type: National,2008,110.198,,,,Repository: ILO-STATISTICS - Micro data processing | Age coverage - maximum age: 75 years old
Armenia,"Unemployment by sex, education and rural / urban areas (thousands)",ARM - LFS - Household Labour Force Survey,Sex: Female,Education (Aggregate levels): Intermediate,Area type: Rural,2008,35.1855,,,,Repository: ILO-STATISTICS - Micro data processing | Age coverage - maximum age: 75 years old
Armenia,"Unemployment by sex, education and rural / urban areas (thousands)",ARM - LFS - Household Labour Force Survey,Sex: Female,Education (Aggregate levels): Intermediate,Area type: Urban,2008,75.0124,,,,Repository: ILO-STATISTICS - Micro data processing | Age coverage - maximum age: 75 years old
Armenia,"Unemployment by sex, education and rural / urban areas (thousands)",ARM - LFS - Household Labour Force Survey,Sex: Female,Education (Aggregate levels): Advanced,Area type: National,2008,34.3634,,,,Repository: ILO-STATISTICS - Micro data processing | Age coverage - maximum age: 75 years old
Armenia,"Unemployment by sex, education and rural / urban areas (thousands)",ARM - LFS - Household Labour Force Survey,Sex: Female,Education (Aggregate levels): Advanced,Area type: Rural,2008,3.7863,Unreliable,,,Repository: ILO-STATISTICS - Micro data processing | Age coverage - maximum age: 75 years old
Armenia,"Unemployment by sex, education and rural / urban areas (thousands)",ARM - LFS - Household Labour Force Survey,Sex: Female,Education (Aggregate levels): Advanced,Area type: Urban,2008,30.5771,,,,Repository: ILO-STATISTICS - Micro data processing | Age coverage - maximum age: 75 years old
Armenia,"Unemployment by sex, education and rural / urban areas (thousands)",ARM - LFS - Household Labour Force Survey,Sex: Total,Education (Aggregate levels): Total,Area type: National,2014,240.4227,Break in series,,Break in series: Methodology revised,Repository: ILO-STATISTICS - Micro data processing | Age coverage - maximum age: 75 years old
Armenia,"Unemployment by sex, education and rural / urban areas (thousands)",ARM - LFS - Household Labour Force Survey,Sex: Total,Education (Aggregate levels): Total,Area type: Rural,2014,36.7103,Break in series,,Break in series: Methodology revised,Repository: ILO-STATISTICS - Micro data processing | Age coverage - maximum age: 75 years old
Armenia,"Unemployment by sex, education and rural / urban areas (thousands)",ARM - LFS - Household Labour Force Survey,Sex: Total,Education (Aggregate levels): Total,Area type: Urban,2014,203.7124,Break in series,,Break in series: Methodology revised,Repository: ILO-STATISTICS - Micro data processing | Age coverage - maximum age: 75 years old
Armenia,"Unemployment by sex, education and rural / urban areas (thousands)",ARM - LFS - Household Labour Force Survey,Sex: Total,Education (Aggregate levels): Basic,Area type: National,2014,5.4529,Break in series,,Break in series: Methodology revised,Repository: ILO-STATISTICS - Micro data processing | Age coverage - maximum age: 75 years old
Armenia,"Unemployment by sex, education and rural / urban areas (thousands)",ARM - LFS - Household Labour Force Survey,Sex: Total,Education (Aggregate levels): Basic,Area type: Rural,2014,2.257,Break in series,,Break in series: Methodology revised,Repository: ILO-STATISTICS - Micro data processing | Age coverage - maximum age: 75 years old
Armenia,"Unemployment by sex, education and rural / urban areas (thousands)",ARM - LFS - Household Labour Force Survey,Sex: Total,Education (Aggregate levels): Basic,Area type: Urban,2014,3.1959,Break in series,,Break in series: Methodology revised,Repository: ILO-STATISTICS - Micro data processing | Age coverage - maximum age: 75 years old
Armenia,"Unemployment by sex, education and rural / urban areas (thousands)",ARM - LFS - Household Labour Force Survey,Sex: Total,Education (Aggregate levels): Intermediate,Area type: National,2014,161.4479,Break in series,"Nonstandard education level: Including special education, vocational and other training",Break in series: Methodology revised,Repository: ILO-STATISTICS - Micro data processing | Age coverage - maximum age: 75 years old
Armenia,"Unemployment by sex, education and rural / urban areas (thousands)",ARM - LFS - Household Labour Force Survey,Sex: Total,Education (Aggregate levels): Intermediate,Area type: Rural,2014,25.6804,Break in series,"Nonstandard education level: Including special education, vocational and other training",Break in series: Methodology revised,Repository: ILO-STATISTICS - Micro data processing | Age coverage - maximum age: 75 years old
Armenia,"Unemployment by sex, education and rural / urban areas (thousands)",ARM - LFS - Household Labour Force Survey,Sex: Total,Education (Aggregate levels): Intermediate,Area type: Urban,2014,135.7675,Break in series,"Nonstandard education level: Including special education, vocational and other training",Break in series: Methodology revised,Repository: ILO-STATISTICS - Micro data processing | Age coverage - maximum age: 75 years old
Armenia,"Unemployment by sex, education and rural / urban areas (thousands)",ARM - LFS - Household Labour Force Survey,Sex: Total,Education (Aggregate levels): Advanced,Area type: National,2014,73.5219,Break in series,,Break in series: Methodology revised,Repository: ILO-STATISTICS - Micro data processing | Age coverage - maximum age: 75 years old
Armenia,"Unemployment by sex, education and rural / urban areas (thousands)",ARM - LFS - Household Labour Force Survey,Sex: Total,Education (Aggregate levels): Advanced,Area type: Rural,2014,8.7729,Break in series,,Break in series: Methodology revised,Repository: ILO-STATISTICS - Micro data processing | Age coverage - maximum age: 75 years old
Armenia,"Unemployment by sex, education and rural / urban areas (thousands)",ARM - LFS - Household Labour Force Survey,Sex: Total,Education (Aggregate levels): Advanced,Area type: Urban,2014,64.7491,Break in series,,Break in series: Methodology revised,Repository: ILO-STATISTICS - Micro data processing | Age coverage - maximum age: 75 years old
Armenia,"Unemployment by sex, education and rural / urban areas (thousands)",ARM - LFS - Household Labour Force Survey,Sex: Male,Education (Aggregate levels): Total,Area type: National,2014,109.6081,Break in series,,Break in series: Methodology revised,Repository: ILO-STATISTICS - Micro data processing | Age coverage - maximum age: 75 years old
Armenia,"Unemployment by sex, education and rural / urban areas (thousands)",ARM - LFS - Household Labour Force Survey,Sex: Male,Education (Aggregate levels): Total,Area type: Rural,2014,14.3939,Break in series,,Break in series: Methodology revised,Repository: ILO-STATISTICS - Micro data processing | Age coverage - maximum age: 75 years old
Armenia,"Unemployment by sex, education and rural / urban areas (thousands)",ARM - LFS - Household Labour Force Survey,Sex: Male,Education (Aggregate levels): Total,Area type: Urban,2014,95.2142,Break in series,,Break in series: Methodology revised,Repository: ILO-STATISTICS - Micro data processing | Age coverage - maximum age: 75 years old
Armenia,"Unemployment by sex, education and rural / urban areas (thousands)",ARM - LFS - Household Labour Force Survey,Sex: Male,Education (Aggregate levels): Basic,Area type: National,2014,3.168,Break in series,,Break in series: Methodology revised,Repository: ILO-STATISTICS - Micro data processing | Age coverage - maximum age: 75 years old
Armenia,"Unemployment by sex, education and rural / urban areas (thousands)",ARM - LFS - Household Labour Force Survey,Sex: Male,Education (Aggregate levels): Basic,Area type: Rural,2014,1.1502,Break in series,,Break in series: Methodology revised,Repository: ILO-STATISTICS - Micro data processing | Age coverage - maximum age: 75 years old
Armenia,"Unemployment by sex, education and rural / urban areas (thousands)",ARM - LFS - Household Labour Force Survey,Sex: Male,Education (Aggregate levels): Basic,Area type: Urban,2014,2.0178,Break in series,,Break in series: Methodology revised,Repository: ILO-STATISTICS - Micro data processing | Age coverage - maximum age: 75 years old
Armenia,"Unemployment by sex, education and rural / urban areas (thousands)",ARM - LFS - Household Labour Force Survey,Sex: Male,Education (Aggregate levels): Intermediate,Area type: National,2014,76.562,Break in series,"Nonstandard education level: Including special education, vocational and other training",Break in series: Methodology revised,Repository: ILO-STATISTICS - Micro data processing | Age coverage - maximum age: 75 years old
Armenia,"Unemployment by sex, education and rural / urban areas (thousands)",ARM - LFS - Household Labour Force Survey,Sex: Male,Education (Aggregate levels): Intermediate,Area type: Rural,2014,9.9949,Break in series,"Nonstandard education level: Including special education, vocational and other training",Break in series: Methodology revised,Repository: ILO-STATISTICS - Micro data processing | Age coverage - maximum age: 75 years old
Armenia,"Unemployment by sex, education and rural / urban areas (thousands)",ARM - LFS - Household Labour Force Survey,Sex: Male,Education (Aggregate levels): Intermediate,Area type: Urban,2014,66.5671,Break in series,"Nonstandard education level: Including special education, vocational and other training",Break in series: Methodology revised,Repository: ILO-STATISTICS - Micro data processing | Age coverage - maximum age: 75 years old
Armenia,"Unemployment by sex, education and rural / urban areas (thousands)",ARM - LFS - Household Labour Force Survey,Sex: Male,Education (Aggregate levels): Advanced,Area type: National,2014,29.8781,Break in series,,Break in series: Methodology revised,Repository: ILO-STATISTICS - Micro data processing | Age coverage - maximum age: 75 years old
Armenia,"Unemployment by sex, education and rural / urban areas (thousands)",ARM - LFS - Household Labour Force Survey,Sex: Male,Education (Aggregate levels): Advanced,Area type: Rural,2014,3.2488,Break in series,,Break in series: Methodology revised,Repository: ILO-STATISTICS - Micro data processing | Age coverage - maximum age: 75 years old
Armenia,"Unemployment by sex, education and rural / urban areas (thousands)",ARM - LFS - Household Labour Force Survey,Sex: Male,Education (Aggregate levels): Advanced,Area type: Urban,2014,26.6294,Break in series,,Break in series: Methodology revised,Repository: ILO-STATISTICS - Micro data processing | Age coverage - maximum age: 75 years old
Armenia,"Unemployment by sex, education and rural / urban areas (thousands)",ARM - LFS - Household Labour Force Survey,Sex: Female,Education (Aggregate levels): Total,Area type: National,2014,130.8146,Break in series,,Break in series: Methodology revised,Repository: ILO-STATISTICS - Micro data processing | Age coverage - maximum age: 75 years old
Armenia,"Unemployment by sex, education and rural / urban areas (thousands)",ARM - LFS - Household Labour Force Survey,Sex: Female,Education (Aggregate levels): Total,Area type: Rural,2014,22.3164,Break in series,,Break in series: Methodology revised,Repository: ILO-STATISTICS - Micro data processing | Age coverage - maximum age: 75 years old
Armenia,"Unemployment by sex, education and rural / urban areas (thousands)",ARM - LFS - Household Labour Force Survey,Sex: Female,Education (Aggregate levels): Total,Area type: Urban,2014,108.4982,Break in series,,Break in series: Methodology revised,Repository: ILO-STATISTICS - Micro data processing | Age coverage - maximum age: 75 years old
Armenia,"Unemployment by sex, education and rural / urban areas (thousands)",ARM - LFS - Household Labour Force Survey,Sex: Female,Education (Aggregate levels): Basic,Area type: National,2014,2.2849,Break in series,,Break in series: Methodology revised,Repository: ILO-STATISTICS - Micro data processing | Age coverage - maximum age: 75 years old
Armenia,"Unemployment by sex, education and rural / urban areas (thousands)",ARM - LFS - Household Labour Force Survey,Sex: Female,Education (Aggregate levels): Basic,Area type: Rural,2014,1.1067,Break in series,,Break in series: Methodology revised,Repository: ILO-STATISTICS - Micro data processing | Age coverage - maximum age: 75 years old
Armenia,"Unemployment by sex, education and rural / urban areas (thousands)",ARM - LFS - Household Labour Force Survey,Sex: Female,Education (Aggregate levels): Basic,Area type: Urban,2014,1.1781,Break in series,,Break in series: Methodology revised,Repository: ILO-STATISTICS - Micro data processing | Age coverage - maximum age: 75 years old
Armenia,"Unemployment by sex, education and rural / urban areas (thousands)",ARM - LFS - Household Labour Force Survey,Sex: Female,Education (Aggregate levels): Intermediate,Area type: National,2014,84.8859,Break in series,"Nonstandard education level: Including special education, vocational and other training",Break in series: Methodology revised,Repository: ILO-STATISTICS - Micro data processing | Age coverage - maximum age: 75 years old
Armenia,"Unemployment by sex, education and rural / urban areas (thousands)",ARM - LFS - Household Labour Force Survey,Sex: Female,Education (Aggregate levels): Intermediate,Area type: Rural,2014,15.6855,Break in series,"Nonstandard education level: Including special education, vocational and other training",Break in series: Methodology revised,Repository: ILO-STATISTICS - Micro data processing | Age coverage - maximum age: 75 years old
Armenia,"Unemployment by sex, education and rural / urban areas (thousands)",ARM - LFS - Household Labour Force Survey,Sex: Female,Education (Aggregate levels): Intermediate,Area type: Urban,2014,69.2004,Break in series,"Nonstandard education level: Including special education, vocational and other training",Break in series: Methodology revised,Repository: ILO-STATISTICS - Micro data processing | Age coverage - maximum age: 75 years old
Armenia,"Unemployment by sex, education and rural / urban areas (thousands)",ARM - LFS - Household Labour Force Survey,Sex: Female,Education (Aggregate levels): Advanced,Area type: National,2014,43.6438,Break in series,,Break in series: Methodology revised,Repository: ILO-STATISTICS - Micro data processing | Age coverage - maximum age: 75 years old
Armenia,"Unemployment by sex, education and rural / urban areas (thousands)",ARM - LFS - Household Labour Force Survey,Sex: Female,Education (Aggregate levels): Advanced,Area type: Rural,2014,5.5241,Break in series,,Break in series: Methodology revised,Repository: ILO-STATISTICS - Micro data processing | Age coverage - maximum age: 75 years old
Armenia,"Unemployment by sex, education and rural / urban areas (thousands)",ARM - LFS - Household Labour Force Survey,Sex: Female,Education (Aggregate levels): Advanced,Area type: Urban,2014,38.1197,Break in series,,Break in series: Methodology revised,Repository: ILO-STATISTICS - Micro data processing | Age coverage - maximum age: 75 years old
Armenia,"Unemployment by sex, education and rural / urban areas (thousands)",ARM - LFS - Household Labour Force Survey,Sex: Total,Education (Aggregate levels): Total,Area type: National,2015,239.6353,,,,Repository: ILO-STATISTICS - Micro data processing | Age coverage - maximum age: 75 years old
Armenia,"Unemployment by sex, education and rural / urban areas (thousands)",ARM - LFS - Household Labour Force Survey,Sex: Total,Education (Aggregate levels): Total,Area type: Rural,2015,35.9008,,,,Repository: ILO-STATISTICS - Micro data processing | Age coverage - maximum age: 75 years old
Armenia,"Unemployment by sex, education and rural / urban areas (thousands)",ARM - LFS - Household Labour Force Survey,Sex: Total,Education (Aggregate levels): Total,Area type: Urban,2015,203.7345,,,,Repository: ILO-STATISTICS - Micro data processing | Age coverage - maximum age: 75 years old
Armenia,"Unemployment by sex, education and rural / urban areas (thousands)",ARM - LFS - Household Labour Force Survey,Sex: Total,Education (Aggregate levels): Basic,Area type: National,2015,10.1136,,,,Repository: ILO-STATISTICS - Micro data processing | Age coverage - maximum age: 75 years old
Armenia,"Unemployment by sex, education and rural / urban areas (thousands)",ARM - LFS - Household Labour Force Survey,Sex: Total,Education (Aggregate levels): Basic,Area type: Rural,2015,0.9217,,,,Repository: ILO-STATISTICS - Micro data processing | Age coverage - maximum age: 75 years old
Armenia,"Unemployment by sex, education and rural / urban areas (thousands)",ARM - LFS - Household Labour Force Survey,Sex: Total,Education (Aggregate levels): Basic,Area type: Urban,2015,9.1919,,,,Repository: ILO-STATISTICS - Micro data processing | Age coverage - maximum age: 75 years old
Armenia,"Unemployment by sex, education and rural / urban areas (thousands)",ARM - LFS - Household Labour Force Survey,Sex: Total,Education (Aggregate levels): Intermediate,Area type: National,2015,162.9802,,"Nonstandard education level: Including special education, vocational and other training",,Repository: ILO-STATISTICS - Micro data processing | Age coverage - maximum age: 75 years old
Armenia,"Unemployment by sex, education and rural / urban areas (thousands)",ARM - LFS - Household Labour Force Survey,Sex: Total,Education (Aggregate levels): Intermediate,Area type: Rural,2015,26.6069,,"Nonstandard education level: Including special education, vocational and other training",,Repository: ILO-STATISTICS - Micro data processing | Age coverage - maximum age: 75 years old
Armenia,"Unemployment by sex, education and rural / urban areas (thousands)",ARM - LFS - Household Labour Force Survey,Sex: Total,Education (Aggregate levels): Intermediate,Area type: Urban,2015,136.3733,,"Nonstandard education level: Including special education, vocational and other training",,Repository: ILO-STATISTICS - Micro data processing | Age coverage - maximum age: 75 years old
Armenia,"Unemployment by sex, education and rural / urban areas (thousands)",ARM - LFS - Household Labour Force Survey,Sex: Total,Education (Aggregate levels): Advanced,Area type: National,2015,66.5415,,,,Repository: ILO-STATISTICS - Micro data processing | Age coverage - maximum age: 75 years old
Armenia,"Unemployment by sex, education and rural / urban areas (thousands)",ARM - LFS - Household Labour Force Survey,Sex: Total,Education (Aggregate levels): Advanced,Area type: Rural,2015,8.3722,,,,Repository: ILO-STATISTICS - Micro data processing | Age coverage - maximum age: 75 years old
Armenia,"Unemployment by sex, education and rural / urban areas (thousands)",ARM - LFS - Household Labour Force Survey,Sex: Total,Education (Aggregate levels): Advanced,Area type: Urban,2015,58.1693,,,,Repository: ILO-STATISTICS - Micro data processing | Age coverage - maximum age: 75 years old
Armenia,"Unemployment by sex, education and rural / urban areas (thousands)",ARM - LFS - Household Labour Force Survey,Sex: Male,Education (Aggregate levels): Total,Area type: National,2015,118.1451,,,,Repository: ILO-STATISTICS - Micro data processing | Age coverage - maximum age: 75 years old
Armenia,"Unemployment by sex, education and rural / urban areas (thousands)",ARM - LFS - Household Labour Force Survey,Sex: Male,Education (Aggregate levels): Total,Area type: Rural,2015,17.8129,,,,Repository: ILO-STATISTICS - Micro data processing | Age coverage - maximum age: 75 years old
Armenia,"Unemployment by sex, education and rural / urban areas (thousands)",ARM - LFS - Household Labour Force Survey,Sex: Male,Education (Aggregate levels): Total,Area type: Urban,2015,100.3323,,,,Repository: ILO-STATISTICS - Micro data processing | Age coverage - maximum age: 75 years old
Armenia,"Unemployment by sex, education and rural / urban areas (thousands)",ARM - LFS - Household Labour Force Survey,Sex: Male,Education (Aggregate levels): Basic,Area type: National,2015,7.967,,,,Repository: ILO-STATISTICS - Micro data processing | Age coverage - maximum age: 75 years old
Armenia,"Unemployment by sex, education and rural / urban areas (thousands)",ARM - LFS - Household Labour Force Survey,Sex: Male,Education (Aggregate levels): Basic,Area type: Rural,2015,0.7517,Unreliable,,,Repository: ILO-STATISTICS - Micro data processing | Age coverage - maximum age: 75 years old
Armenia,"Unemployment by sex, education and rural / urban areas (thousands)",ARM - LFS - Household Labour Force Survey,Sex: Male,Education (Aggregate levels): Basic,Area type: Urban,2015,7.2153,,,,Repository: ILO-STATISTICS - Micro data processing | Age coverage - maximum age: 75 years old
Armenia,"Unemployment by sex, education and rural / urban areas (thousands)",ARM - LFS - Household Labour Force Survey,Sex: Male,Education (Aggregate levels): Intermediate,Area type: National,2015,83.7712,,"Nonstandard education level: Including special education, vocational and other training",,Repository: ILO-STATISTICS - Micro data processing | Age coverage - maximum age: 75 years old
Armenia,"Unemployment by sex, education and rural / urban areas (thousands)",ARM - LFS - Household Labour Force Survey,Sex: Male,Education (Aggregate levels): Intermediate,Area type: Rural,2015,13.0521,,"Nonstandard education level: Including special education, vocational and other training",,Repository: ILO-STATISTICS - Micro data processing | Age coverage - maximum age: 75 years old
Armenia,"Unemployment by sex, education and rural / urban areas (thousands)",ARM - LFS - Household Labour Force Survey,Sex: Male,Education (Aggregate levels): Intermediate,Area type: Urban,2015,70.7191,,"Nonstandard education level: Including special education, vocational and other training",,Repository: ILO-STATISTICS - Micro data processing | Age coverage - maximum age: 75 years old
Armenia,"Unemployment by sex, education and rural / urban areas (thousands)",ARM - LFS - Household Labour Force Survey,Sex: Male,Education (Aggregate levels): Advanced,Area type: National,2015,26.407,,,,Repository: ILO-STATISTICS - Micro data processing | Age coverage - maximum age: 75 years old
Armenia,"Unemployment by sex, education and rural / urban areas (thousands)",ARM - LFS - Household Labour Force Survey,Sex: Male,Education (Aggregate levels): Advanced,Area type: Rural,2015,4.0091,,,,Repository: ILO-STATISTICS - Micro data processing | Age coverage - maximum age: 75 years old
Armenia,"Unemployment by sex, education and rural / urban areas (thousands)",ARM - LFS - Household Labour Force Survey,Sex: Male,Education (Aggregate levels): Advanced,Area type: Urban,2015,22.3979,,,,Repository: ILO-STATISTICS - Micro data processing | Age coverage - maximum age: 75 years old
Armenia,"Unemployment by sex, education and rural / urban areas (thousands)",ARM - LFS - Household Labour Force Survey,Sex: Female,Education (Aggregate levels): Total,Area type: National,2015,121.4902,,,,Repository: ILO-STATISTICS - Micro data processing | Age coverage - maximum age: 75 years old
Armenia,"Unemployment by sex, education and rural / urban areas (thousands)",ARM - LFS - Household Labour Force Survey,Sex: Female,Education (Aggregate levels): Total,Area type: Rural,2015,18.088,,,,Repository: ILO-STATISTICS - Micro data processing | Age coverage - maximum age: 75 years old
Armenia,"Unemployment by sex, education and rural / urban areas (thousands)",ARM - LFS - Household Labour Force Survey,Sex: Female,Education (Aggregate levels): Total,Area type: Urban,2015,103.4022,,,,Repository: ILO-STATISTICS - Micro data processing | Age coverage - maximum age: 75 years old
Armenia,"Unemployment by sex, education and rural / urban areas (thousands)",ARM - LFS - Household Labour Force Survey,Sex: Female,Education (Aggregate levels): Basic,Area type: National,2015,2.1466,,,,Repository: ILO-STATISTICS - Micro data processing | Age coverage - maximum age: 75 years old
Armenia,"Unemployment by sex, education and rural / urban areas (thousands)",ARM - LFS - Household Labour Force Survey,Sex: Female,Education (Aggregate levels): Basic,Area type: Rural,2015,,Unreliable,,,Repository: ILO-STATISTICS - Micro data processing | Age coverage - maximum age: 75 years old
Armenia,"Unemployment by sex, education and rural / urban areas (thousands)",ARM - LFS - Household Labour Force Survey,Sex: Female,Education (Aggregate levels): Basic,Area type: Urban,2015,1.9766,,,,Repository: ILO-STATISTICS - Micro data processing | Age coverage - maximum age: 75 years old
Armenia,"Unemployment by sex, education and rural / urban areas (thousands)",ARM - LFS - Household Labour Force Survey,Sex: Female,Education (Aggregate levels): Intermediate,Area type: National,2015,79.209,,"Nonstandard education level: Including special education, vocational and other training",,Repository: ILO-STATISTICS - Micro data processing | Age coverage - maximum age: 75 years old
Armenia,"Unemployment by sex, education and rural / urban areas (thousands)",ARM - LFS - Household Labour Force Survey,Sex: Female,Education (Aggregate levels): Intermediate,Area type: Rural,2015,13.5548,,"Nonstandard education level: Including special education, vocational and other training",,Repository: ILO-STATISTICS - Micro data processing | Age coverage - maximum age: 75 years old
Armenia,"Unemployment by sex, education and rural / urban areas (thousands)",ARM - LFS - Household Labour Force Survey,Sex: Female,Education (Aggregate levels): Intermediate,Area type: Urban,2015,65.6542,,"Nonstandard education level: Including special education, vocational and other training",,Repository: ILO-STATISTICS - Micro data processing | Age coverage - maximum age: 75 years old
Armenia,"Unemployment by sex, education and rural / urban areas (thousands)",ARM - LFS - Household Labour Force Survey,Sex: Female,Education (Aggregate levels): Advanced,Area type: National,2015,40.1346,,,,Repository: ILO-STATISTICS - Micro data processing | Age coverage - maximum age: 75 years old
Armenia,"Unemployment by sex, education and rural / urban areas (thousands)",ARM - LFS - Household Labour Force Survey,Sex: Female,Education (Aggregate levels): Advanced,Area type: Rural,2015,4.3631,,,,Repository: ILO-STATISTICS - Micro data processing | Age coverage - maximum age: 75 years old
Armenia,"Unemployment by sex, education and rural / urban areas (thousands)",ARM - LFS - Household Labour Force Survey,Sex: Female,Education (Aggregate levels): Advanced,Area type: Urban,2015,35.7715,,,,Repository: ILO-STATISTICS - Micro data processing | Age coverage - maximum age: 75 years old
Armenia,"Unemployment by sex, education and rural / urban areas (thousands)",ARM - LFS - Household Labour Force Survey,Sex: Total,Education (Aggregate levels): Total,Area type: National,2016,215.1613,,,,Repository: ILO-STATISTICS - Micro data processing | Age coverage - maximum age: 75 years old
Armenia,"Unemployment by sex, education and rural / urban areas (thousands)",ARM - LFS - Household Labour Force Survey,Sex: Total,Education (Aggregate levels): Total,Area type: Rural,2016,28.1187,,,,Repository: ILO-STATISTICS - Micro data processing | Age coverage - maximum age: 75 years old
Armenia,"Unemployment by sex, education and rural / urban areas (thousands)",ARM - LFS - Household Labour Force Survey,Sex: Total,Education (Aggregate levels): Total,Area type: Urban,2016,187.0427,,,,Repository: ILO-STATISTICS - Micro data processing | Age coverage - maximum age: 75 years old
Armenia,"Unemployment by sex, education and rural / urban areas (thousands)",ARM - LFS - Household Labour Force Survey,Sex: Total,Education (Aggregate levels): Basic,Area type: National,2016,9.541,,,,Repository: ILO-STATISTICS - Micro data processing | Age coverage - maximum age: 75 years old
Armenia,"Unemployment by sex, education and rural / urban areas (thousands)",ARM - LFS - Household Labour Force Survey,Sex: Total,Education (Aggregate levels): Basic,Area type: Rural,2016,2.0801,,,,Repository: ILO-STATISTICS - Micro data processing | Age coverage - maximum age: 75 years old
Armenia,"Unemployment by sex, education and rural / urban areas (thousands)",ARM - LFS - Household Labour Force Survey,Sex: Total,Education (Aggregate levels): Basic,Area type: Urban,2016,7.4609,,,,Repository: ILO-STATISTICS - Micro data processing | Age coverage - maximum age: 75 years old
Armenia,"Unemployment by sex, education and rural / urban areas (thousands)",ARM - LFS - Household Labour Force Survey,Sex: Total,Education (Aggregate levels): Intermediate,Area type: National,2016,146.3906,,"Nonstandard education level: Including special education, vocational and other training",,Repository: ILO-STATISTICS - Micro data processing | Age coverage - maximum age: 75 years old
Armenia,"Unemployment by sex, education and rural / urban areas (thousands)",ARM - LFS - Household Labour Force Survey,Sex: Total,Education (Aggregate levels): Intermediate,Area type: Rural,2016,19.6986,,"Nonstandard education level: Including special education, vocational and other training",,Repository: ILO-STATISTICS - Micro data processing | Age coverage - maximum age: 75 years old
Armenia,"Unemployment by sex, education and rural / urban areas (thousands)",ARM - LFS - Household Labour Force Survey,Sex: Total,Education (Aggregate levels): Intermediate,Area type: Urban,2016,126.6921,,"Nonstandard education level: Including special education, vocational and other training",,Repository: ILO-STATISTICS - Micro data processing | Age coverage - maximum age: 75 years old
Armenia,"Unemployment by sex, education and rural / urban areas (thousands)",ARM - LFS - Household Labour Force Survey,Sex: Total,Education (Aggregate levels): Advanced,Area type: National,2016,59.2297,,,,Repository: ILO-STATISTICS - Micro data processing | Age coverage - maximum age: 75 years old
Armenia,"Unemployment by sex, education and rural / urban areas (thousands)",ARM - LFS - Household Labour Force Survey,Sex: Total,Education (Aggregate levels): Advanced,Area type: Rural,2016,6.34,,,,Repository: ILO-STATISTICS - Micro data processing | Age coverage - maximum age: 75 years old
Armenia,"Unemployment by sex, education and rural / urban areas (thousands)",ARM - LFS - Household Labour Force Survey,Sex: Total,Education (Aggregate levels): Advanced,Area type: Urban,2016,52.8897,,,,Repository: ILO-STATISTICS - Micro data processing | Age coverage - maximum age: 75 years old
Armenia,"Unemployment by sex, education and rural / urban areas (thousands)",ARM - LFS - Household Labour Force Survey,Sex: Male,Education (Aggregate levels): Total,Area type: National,2016,113.864,,,,Repository: ILO-STATISTICS - Micro data processing | Age coverage - maximum age: 75 years old
Armenia,"Unemployment by sex, education and rural / urban areas (thousands)",ARM - LFS - Household Labour Force Survey,Sex: Male,Education (Aggregate levels): Total,Area type: Rural,2016,15.0993,,,,Repository: ILO-STATISTICS - Micro data processing | Age coverage - maximum age: 75 years old
Armenia,"Unemployment by sex, education and rural / urban areas (thousands)",ARM - LFS - Household Labour Force Survey,Sex: Male,Education (Aggregate levels): Total,Area type: Urban,2016,98.7647,,,,Repository: ILO-STATISTICS - Micro data processing | Age coverage - maximum age: 75 years old
Armenia,"Unemployment by sex, education and rural / urban areas (thousands)",ARM - LFS - Household Labour Force Survey,Sex: Male,Education (Aggregate levels): Basic,Area type: National,2016,6.9933,,,,Repository: ILO-STATISTICS - Micro data processing | Age coverage - maximum age: 75 years old
Armenia,"Unemployment by sex, education and rural / urban areas (thousands)",ARM - LFS - Household Labour Force Survey,Sex: Male,Education (Aggregate levels): Basic,Area type: Rural,2016,1.7687,,,,Repository: ILO-STATISTICS - Micro data processing | Age coverage - maximum age: 75 years old
Armenia,"Unemployment by sex, education and rural / urban areas (thousands)",ARM - LFS - Household Labour Force Survey,Sex: Male,Education (Aggregate levels): Basic,Area type: Urban,2016,5.2246,,,,Repository: ILO-STATISTICS - Micro data processing | Age coverage - maximum age: 75 years old
Armenia,"Unemployment by sex, education and rural / urban areas (thousands)",ARM - LFS - Household Labour Force Survey,Sex: Male,Education (Aggregate levels): Intermediate,Area type: National,2016,78.705,,"Nonstandard education level: Including special education, vocational and other training",,Repository: ILO-STATISTICS - Micro data processing | Age coverage - maximum age: 75 years old
Armenia,"Unemployment by sex, education and rural / urban areas (thousands)",ARM - LFS - Household Labour Force Survey,Sex: Male,Education (Aggregate levels): Intermediate,Area type: Rural,2016,10.6446,,"Nonstandard education level: Including special education, vocational and other training",,Repository: ILO-STATISTICS - Micro data processing | Age coverage - maximum age: 75 years old
Armenia,"Unemployment by sex, education and rural / urban areas (thousands)",ARM - LFS - Household Labour Force Survey,Sex: Male,Education (Aggregate levels): Intermediate,Area type: Urban,2016,68.0604,,"Nonstandard education level: Including special education, vocational and other training",,Repository: ILO-STATISTICS - Micro data processing | Age coverage - maximum age: 75 years old
Armenia,"Unemployment by sex, education and rural / urban areas (thousands)",ARM - LFS - Household Labour Force Survey,Sex: Male,Education (Aggregate levels): Advanced,Area type: National,2016,28.1656,,,,Repository: ILO-STATISTICS - Micro data processing | Age coverage - maximum age: 75 years old
Armenia,"Unemployment by sex, education and rural / urban areas (thousands)",ARM - LFS - Household Labour Force Survey,Sex: Male,Education (Aggregate levels): Advanced,Area type: Rural,2016,2.6859,,,,Repository: ILO-STATISTICS - Micro data processing | Age coverage - maximum age: 75 years old
Armenia,"Unemployment by sex, education and rural / urban areas (thousands)",ARM - LFS - Household Labour Force Survey,Sex: Male,Education (Aggregate levels): Advanced,Area type: Urban,2016,25.4797,,,,Repository: ILO-STATISTICS - Micro data processing | Age coverage - maximum age: 75 years old
Armenia,"Unemployment by sex, education and rural / urban areas (thousands)",ARM - LFS - Household Labour Force Survey,Sex: Female,Education (Aggregate levels): Total,Area type: National,2016,101.2973,,,,Repository: ILO-STATISTICS - Micro data processing | Age coverage - maximum age: 75 years old
Armenia,"Unemployment by sex, education and rural / urban areas (thousands)",ARM - LFS - Household Labour Force Survey,Sex: Female,Education (Aggregate levels): Total,Area type: Rural,2016,13.0194,,,,Repository: ILO-STATISTICS - Micro data processing | Age coverage - maximum age: 75 years old
Armenia,"Unemployment by sex, education and rural / urban areas (thousands)",ARM - LFS - Household Labour Force Survey,Sex: Female,Education (Aggregate levels): Total,Area type: Urban,2016,88.278,,,,Repository: ILO-STATISTICS - Micro data processing | Age coverage - maximum age: 75 years old
Armenia,"Unemployment by sex, education and rural / urban areas (thousands)",ARM - LFS - Household Labour Force Survey,Sex: Female,Education (Aggregate levels): Basic,Area type: National,2016,2.5476,,,,Repository: ILO-STATISTICS - Micro data processing | Age coverage - maximum age: 75 years old
Armenia,"Unemployment by sex, education and rural / urban areas (thousands)",ARM - LFS - Household Labour Force Survey,Sex: Female,Education (Aggregate levels): Basic,Area type: Rural,2016,,Unreliable,,,Repository: ILO-STATISTICS - Micro data processing | Age coverage - maximum age: 75 years old
Armenia,"Unemployment by sex, education and rural / urban areas (thousands)",ARM - LFS - Household Labour Force Survey,Sex: Female,Education (Aggregate levels): Basic,Area type: Urban,2016,2.2363,,,,Repository: ILO-STATISTICS - Micro data processing | Age coverage - maximum age: 75 years old
Armenia,"Unemployment by sex, education and rural / urban areas (thousands)",ARM - LFS - Household Labour Force Survey,Sex: Female,Education (Aggregate levels): Intermediate,Area type: National,2016,67.6856,,"Nonstandard education level: Including special education, vocational and other training",,Repository: ILO-STATISTICS - Micro data processing | Age coverage - maximum age: 75 years old
Armenia,"Unemployment by sex, education and rural / urban areas (thousands)",ARM - LFS - Household Labour Force Survey,Sex: Female,Education (Aggregate levels): Intermediate,Area type: Rural,2016,9.0539,,"Nonstandard education level: Including special education, vocational and other training",,Repository: ILO-STATISTICS - Micro data processing | Age coverage - maximum age: 75 years old
Armenia,"Unemployment by sex, education and rural / urban areas (thousands)",ARM - LFS - Household Labour Force Survey,Sex: Female,Education (Aggregate levels): Intermediate,Area type: Urban,2016,58.6317,,"Nonstandard education level: Including special education, vocational and other training",,Repository: ILO-STATISTICS - Micro data processing | Age coverage - maximum age: 75 years old
Armenia,"Unemployment by sex, education and rural / urban areas (thousands)",ARM - LFS - Household Labour Force Survey,Sex: Female,Education (Aggregate levels): Advanced,Area type: National,2016,31.0641,,,,Repository: ILO-STATISTICS - Micro data processing | Age coverage - maximum age: 75 years old
Armenia,"Unemployment by sex, education and rural / urban areas (thousands)",ARM - LFS - Household Labour Force Survey,Sex: Female,Education (Aggregate levels): Advanced,Area type: Rural,2016,3.6541,,,,Repository: ILO-STATISTICS - Micro data processing | Age coverage - maximum age: 75 years old
Armenia,"Unemployment by sex, education and rural / urban areas (thousands)",ARM - LFS - Household Labour Force Survey,Sex: Female,Education (Aggregate levels): Advanced,Area type: Urban,2016,27.41,,,,Repository: ILO-STATISTICS - Micro data processing | Age coverage - maximum age: 75 years old
Armenia,"Unemployment by sex, education and rural / urban areas (thousands)",ARM - LFS - Household Labour Force Survey,Sex: Total,Education (Aggregate levels): Total,Area type: National,2017,217.6559,,,,Repository: ILO-STATISTICS - Micro data processing | Age coverage - maximum age: 75 years old
Armenia,"Unemployment by sex, education and rural / urban areas (thousands)",ARM - LFS - Household Labour Force Survey,Sex: Total,Education (Aggregate levels): Total,Area type: Rural,2017,37.7186,,,,Repository: ILO-STATISTICS - Micro data processing | Age coverage - maximum age: 75 years old
Armenia,"Unemployment by sex, education and rural / urban areas (thousands)",ARM - LFS - Household Labour Force Survey,Sex: Total,Education (Aggregate levels): Total,Area type: Urban,2017,179.9373,,,,Repository: ILO-STATISTICS - Micro data processing | Age coverage - maximum age: 75 years old
Armenia,"Unemployment by sex, education and rural / urban areas (thousands)",ARM - LFS - Household Labour Force Survey,Sex: Total,Education (Aggregate levels): Basic,Area type: National,2017,8.9598,,,,Repository: ILO-STATISTICS - Micro data processing | Age coverage - maximum age: 75 years old
Armenia,"Unemployment by sex, education and rural / urban areas (thousands)",ARM - LFS - Household Labour Force Survey,Sex: Total,Education (Aggregate levels): Basic,Area type: Rural,2017,2.7558,,,,Repository: ILO-STATISTICS - Micro data processing | Age coverage - maximum age: 75 years old
Armenia,"Unemployment by sex, education and rural / urban areas (thousands)",ARM - LFS - Household Labour Force Survey,Sex: Total,Education (Aggregate levels): Basic,Area type: Urban,2017,6.204,,,,Repository: ILO-STATISTICS - Micro data processing | Age coverage - maximum age: 75 years old
Armenia,"Unemployment by sex, education and rural / urban areas (thousands)",ARM - LFS - Household Labour Force Survey,Sex: Total,Education (Aggregate levels): Intermediate,Area type: National,2017,143.7008,,"Nonstandard education level: Including special education, vocational and other training",,Repository: ILO-STATISTICS - Micro data processing | Age coverage - maximum age: 75 years old
Armenia,"Unemployment by sex, education and rural / urban areas (thousands)",ARM - LFS - Household Labour Force Survey,Sex: Total,Education (Aggregate levels): Intermediate,Area type: Rural,2017,27.7356,,"Nonstandard education level: Including special education, vocational and other training",,Repository: ILO-STATISTICS - Micro data processing | Age coverage - maximum age: 75 years old
Armenia,"Unemployment by sex, education and rural / urban areas (thousands)",ARM - LFS - Household Labour Force Survey,Sex: Total,Education (Aggregate levels): Intermediate,Area type: Urban,2017,115.9652,,"Nonstandard education level: Including special education, vocational and other training",,Repository: ILO-STATISTICS - Micro data processing | Age coverage - maximum age: 75 years old
Armenia,"Unemployment by sex, education and rural / urban areas (thousands)",ARM - LFS - Household Labour Force Survey,Sex: Total,Education (Aggregate levels): Advanced,Area type: National,2017,64.9953,,,,Repository: ILO-STATISTICS - Micro data processing | Age coverage - maximum age: 75 years old
Armenia,"Unemployment by sex, education and rural / urban areas (thousands)",ARM - LFS - Household Labour Force Survey,Sex: Total,Education (Aggregate levels): Advanced,Area type: Rural,2017,7.2273,,,,Repository: ILO-STATISTICS - Micro data processing | Age coverage - maximum age: 75 years old
Armenia,"Unemployment by sex, education and rural / urban areas (thousands)",ARM - LFS - Household Labour Force Survey,Sex: Total,Education (Aggregate levels): Advanced,Area type: Urban,2017,57.768,,,,Repository: ILO-STATISTICS - Micro data processing | Age coverage - maximum age: 75 years old
Armenia,"Unemployment by sex, education and rural / urban areas (thousands)",ARM - LFS - Household Labour Force Survey,Sex: Male,Education (Aggregate levels): Total,Area type: National,2017,115.5958,,,,Repository: ILO-STATISTICS - Micro data processing | Age coverage - maximum age: 75 years old
Armenia,"Unemployment by sex, education and rural / urban areas (thousands)",ARM - LFS - Household Labour Force Survey,Sex: Male,Education (Aggregate levels): Total,Area type: Rural,2017,21.5353,,,,Repository: ILO-STATISTICS - Micro data processing | Age coverage - maximum age: 75 years old
Armenia,"Unemployment by sex, education and rural / urban areas (thousands)",ARM - LFS - Household Labour Force Survey,Sex: Male,Education (Aggregate levels): Total,Area type: Urban,2017,94.0605,,,,Repository: ILO-STATISTICS - Micro data processing | Age coverage - maximum age: 75 years old
Armenia,"Unemployment by sex, education and rural / urban areas (thousands)",ARM - LFS - Household Labour Force Survey,Sex: Male,Education (Aggregate levels): Basic,Area type: National,2017,6.6851,,,,Repository: ILO-STATISTICS - Micro data processing | Age coverage - maximum age: 75 years old
Armenia,"Unemployment by sex, education and rural / urban areas (thousands)",ARM - LFS - Household Labour Force Survey,Sex: Male,Education (Aggregate levels): Basic,Area type: Rural,2017,1.833,,,,Repository: ILO-STATISTICS - Micro data processing | Age coverage - maximum age: 75 years old
Armenia,"Unemployment by sex, education and rural / urban areas (thousands)",ARM - LFS - Household Labour Force Survey,Sex: Male,Education (Aggregate levels): Basic,Area type: Urban,2017,4.8521,,,,Repository: ILO-STATISTICS - Micro data processing | Age coverage - maximum age: 75 years old
Armenia,"Unemployment by sex, education and rural / urban areas (thousands)",ARM - LFS - Household Labour Force Survey,Sex: Male,Education (Aggregate levels): Intermediate,Area type: National,2017,77.3939,,"Nonstandard education level: Including special education, vocational and other training",,Repository: ILO-STATISTICS - Micro data processing | Age coverage - maximum age: 75 years old
Armenia,"Unemployment by sex, education and rural / urban areas (thousands)",ARM - LFS - Household Labour Force Survey,Sex: Male,Education (Aggregate levels): Intermediate,Area type: Rural,2017,16.2851,,"Nonstandard education level: Including special education, vocational and other training",,Repository: ILO-STATISTICS - Micro data processing | Age coverage - maximum age: 75 years old
Armenia,"Unemployment by sex, education and rural / urban areas (thousands)",ARM - LFS - Household Labour Force Survey,Sex: Male,Education (Aggregate levels): Intermediate,Area type: Urban,2017,61.1087,,"Nonstandard education level: Including special education, vocational and other training",,Repository: ILO-STATISTICS - Micro data processing | Age coverage - maximum age: 75 years old
Armenia,"Unemployment by sex, education and rural / urban areas (thousands)",ARM - LFS - Household Labour Force Survey,Sex: Male,Education (Aggregate levels): Advanced,Area type: National,2017,31.5168,,,,Repository: ILO-STATISTICS - Micro data processing | Age coverage - maximum age: 75 years old
Armenia,"Unemployment by sex, education and rural / urban areas (thousands)",ARM - LFS - Household Labour Force Survey,Sex: Male,Education (Aggregate levels): Advanced,Area type: Rural,2017,3.4172,,,,Repository: ILO-STATISTICS - Micro data processing | Age coverage - maximum age: 75 years old
Armenia,"Unemployment by sex, education and rural / urban areas (thousands)",ARM - LFS - Household Labour Force Survey,Sex: Male,Education (Aggregate levels): Advanced,Area type: Urban,2017,28.0996,,,,Repository: ILO-STATISTICS - Micro data processing | Age coverage - maximum age: 75 years old
Armenia,"Unemployment by sex, education and rural / urban areas (thousands)",ARM - LFS - Household Labour Force Survey,Sex: Female,Education (Aggregate levels): Total,Area type: National,2017,102.0601,,,,Repository: ILO-STATISTICS - Micro data processing | Age coverage - maximum age: 75 years old
Armenia,"Unemployment by sex, education and rural / urban areas (thousands)",ARM - LFS - Household Labour Force Survey,Sex: Female,Education (Aggregate levels): Total,Area type: Rural,2017,16.1833,,,,Repository: ILO-STATISTICS - Micro data processing | Age coverage - maximum age: 75 years old
Armenia,"Unemployment by sex, education and rural / urban areas (thousands)",ARM - LFS - Household Labour Force Survey,Sex: Female,Education (Aggregate levels): Total,Area type: Urban,2017,85.8768,,,,Repository: ILO-STATISTICS - Micro data processing | Age coverage - maximum age: 75 years old
Armenia,"Unemployment by sex, education and rural / urban areas (thousands)",ARM - LFS - Household Labour Force Survey,Sex: Female,Education (Aggregate levels): Basic,Area type: National,2017,2.2747,,,,Repository: ILO-STATISTICS - Micro data processing | Age coverage - maximum age: 75 years old
Armenia,"Unemployment by sex, education and rural / urban areas (thousands)",ARM - LFS - Household Labour Force Survey,Sex: Female,Education (Aggregate levels): Basic,Area type: Rural,2017,0.9228,Unreliable,,,Repository: ILO-STATISTICS - Micro data processing | Age coverage - maximum age: 75 years old
Armenia,"Unemployment by sex, education and rural / urban areas (thousands)",ARM - LFS - Household Labour Force Survey,Sex: Female,Education (Aggregate levels): Basic,Area type: Urban,2017,1.3519,,,,Repository: ILO-STATISTICS - Micro data processing | Age coverage - maximum age: 75 years old
Armenia,"Unemployment by sex, education and rural / urban areas (thousands)",ARM - LFS - Household Labour Force Survey,Sex: Female,Education (Aggregate levels): Intermediate,Area type: National,2017,66.3069,,"Nonstandard education level: Including special education, vocational and other training",,Repository: ILO-STATISTICS - Micro data processing | Age coverage - maximum age: 75 years old
Armenia,"Unemployment by sex, education and rural / urban areas (thousands)",ARM - LFS - Household Labour Force Survey,Sex: Female,Education (Aggregate levels): Intermediate,Area type: Rural,2017,11.4504,,"Nonstandard education level: Including special education, vocational and other training",,Repository: ILO-STATISTICS - Micro data processing | Age coverage - maximum age: 75 years old
Armenia,"Unemployment by sex, education and rural / urban areas (thousands)",ARM - LFS - Household Labour Force Survey,Sex: Female,Education (Aggregate levels): Intermediate,Area type: Urban,2017,54.8565,,"Nonstandard education level: Including special education, vocational and other training",,Repository: ILO-STATISTICS - Micro data processing | Age coverage - maximum age: 75 years old
Armenia,"Unemployment by sex, education and rural / urban areas (thousands)",ARM - LFS - Household Labour Force Survey,Sex: Female,Education (Aggregate levels): Advanced,Area type: National,2017,33.4785,,,,Repository: ILO-STATISTICS - Micro data processing | Age coverage - maximum age: 75 years old
Armenia,"Unemployment by sex, education and rural / urban areas (thousands)",ARM - LFS - Household Labour Force Survey,Sex: Female,Education (Aggregate levels): Advanced,Area type: Rural,2017,3.81,,,,Repository: ILO-STATISTICS - Micro data processing | Age coverage - maximum age: 75 years old
Armenia,"Unemployment by sex, education and rural / urban areas (thousands)",ARM - LFS - Household Labour Force Survey,Sex: Female,Education (Aggregate levels): Advanced,Area type: Urban,2017,29.6684,,,,Repository: ILO-STATISTICS - Micro data processing | Age coverage - maximum age: 75 years old
Armenia,"Unemployment by sex, education and rural / urban areas (thousands)",ARM - LFS - Household Labour Force Survey,Sex: Total,Education (Aggregate levels): Total,Area type: National,2018,245.4052,,,,Repository: ILO-STATISTICS - Micro data processing | Age coverage - maximum age: 75 years old
Armenia,"Unemployment by sex, education and rural / urban areas (thousands)",ARM - LFS - Household Labour Force Survey,Sex: Total,Education (Aggregate levels): Total,Area type: Rural,2018,64.3599,,,,Repository: ILO-STATISTICS - Micro data processing | Age coverage - maximum age: 75 years old
Armenia,"Unemployment by sex, education and rural / urban areas (thousands)",ARM - LFS - Household Labour Force Survey,Sex: Total,Education (Aggregate levels): Total,Area type: Urban,2018,181.0453,,,,Repository: ILO-STATISTICS - Micro data processing | Age coverage - maximum age: 75 years old
Armenia,"Unemployment by sex, education and rural / urban areas (thousands)",ARM - LFS - Household Labour Force Survey,Sex: Total,Education (Aggregate levels): Less than basic,Area type: National,2018,,Unreliable,,,Repository: ILO-STATISTICS - Micro data processing | Age coverage - maximum age: 75 years old
Armenia,"Unemployment by sex, education and rural / urban areas (thousands)",ARM - LFS - Household Labour Force Survey,Sex: Total,Education (Aggregate levels): Less than basic,Area type: Urban,2018,,Unreliable,,,Repository: ILO-STATISTICS - Micro data processing | Age coverage - maximum age: 75 years old
Armenia,"Unemployment by sex, education and rural / urban areas (thousands)",ARM - LFS - Household Labour Force Survey,Sex: Total,Education (Aggregate levels): Basic,Area type: National,2018,14.1866,,,,Repository: ILO-STATISTICS - Micro data processing | Age coverage - maximum age: 75 years old
Armenia,"Unemployment by sex, education and rural / urban areas (thousands)",ARM - LFS - Household Labour Force Survey,Sex: Total,Education (Aggregate levels): Basic,Area type: Rural,2018,6.2172,,,,Repository: ILO-STATISTICS - Micro data processing | Age coverage - maximum age: 75 years old
Armenia,"Unemployment by sex, education and rural / urban areas (thousands)",ARM - LFS - Household Labour Force Survey,Sex: Total,Education (Aggregate levels): Basic,Area type: Urban,2018,7.9695,,,,Repository: ILO-STATISTICS - Micro data processing | Age coverage - maximum age: 75 years old
Armenia,"Unemployment by sex, education and rural / urban areas (thousands)",ARM - LFS - Household Labour Force Survey,Sex: Total,Education (Aggregate levels): Intermediate,Area type: National,2018,171.6381,,"Nonstandard education level: Including special education, vocational and other training",,Repository: ILO-STATISTICS - Micro data processing | Age coverage - maximum age: 75 years old
Armenia,"Unemployment by sex, education and rural / urban areas (thousands)",ARM - LFS - Household Labour Force Survey,Sex: Total,Education (Aggregate levels): Intermediate,Area type: Rural,2018,48.3538,,"Nonstandard education level: Including special education, vocational and other training",,Repository: ILO-STATISTICS - Micro data processing | Age coverage - maximum age: 75 years old
Armenia,"Unemployment by sex, education and rural / urban areas (thousands)",ARM - LFS - Household Labour Force Survey,Sex: Total,Education (Aggregate levels): Intermediate,Area type: Urban,2018,123.2844,,"Nonstandard education level: Including special education, vocational and other training",,Repository: ILO-STATISTICS - Micro data processing | Age coverage - maximum age: 75 years old
Armenia,"Unemployment by sex, education and rural / urban areas (thousands)",ARM - LFS - Household Labour Force Survey,Sex: Total,Education (Aggregate levels): Advanced,Area type: National,2018,39.2518,,,,Repository: ILO-STATISTICS - Micro data processing | Age coverage - maximum age: 75 years old
Armenia,"Unemployment by sex, education and rural / urban areas (thousands)",ARM - LFS - Household Labour Force Survey,Sex: Total,Education (Aggregate levels): Advanced,Area type: Rural,2018,7.4173,,,,Repository: ILO-STATISTICS - Micro data processing | Age coverage - maximum age: 75 years old
Armenia,"Unemployment by sex, education and rural / urban areas (thousands)",ARM - LFS - Household Labour Force Survey,Sex: Total,Education (Aggregate levels): Advanced,Area type: Urban,2018,31.8345,,,,Repository: ILO-STATISTICS - Micro data processing | Age coverage - maximum age: 75 years old
Armenia,"Unemployment by sex, education and rural / urban areas (thousands)",ARM - LFS - Household Labour Force Survey,Sex: Total,Education (Aggregate levels): Level not stated,Area type: National,2018,20.2356,,,,Repository: ILO-STATISTICS - Micro data processing | Age coverage - maximum age: 75 years old
Armenia,"Unemployment by sex, education and rural / urban areas (thousands)",ARM - LFS - Household Labour Force Survey,Sex: Total,Education (Aggregate levels): Level not stated,Area type: Rural,2018,2.3716,,,,Repository: ILO-STATISTICS - Micro data processing | Age coverage - maximum age: 75 years old
Armenia,"Unemployment by sex, education and rural / urban areas (thousands)",ARM - LFS - Household Labour Force Survey,Sex: Total,Education (Aggregate levels): Level not stated,Area type: Urban,2018,17.864,,,,Repository: ILO-STATISTICS - Micro data processing | Age coverage - maximum age: 75 years old
Armenia,"Unemployment by sex, education and rural / urban areas (thousands)",ARM - LFS - Household Labour Force Survey,Sex: Male,Education (Aggregate levels): Total,Area type: National,2018,130.7961,,,,Repository: ILO-STATISTICS - Micro data processing | Age coverage - maximum age: 75 years old
Armenia,"Unemployment by sex, education and rural / urban areas (thousands)",ARM - LFS - Household Labour Force Survey,Sex: Male,Education (Aggregate levels): Total,Area type: Rural,2018,38.4516,,,,Repository: ILO-STATISTICS - Micro data processing | Age coverage - maximum age: 75 years old
Armenia,"Unemployment by sex, education and rural / urban areas (thousands)",ARM - LFS - Household Labour Force Survey,Sex: Male,Education (Aggregate levels): Total,Area type: Urban,2018,92.3445,,,,Repository: ILO-STATISTICS - Micro data processing | Age coverage - maximum age: 75 years old
Armenia,"Unemployment by sex, education and rural / urban areas (thousands)",ARM - LFS - Household Labour Force Survey,Sex: Male,Education (Aggregate levels): Less than basic,Area type: National,2018,,Unreliable,,,Repository: ILO-STATISTICS - Micro data processing | Age coverage - maximum age: 75 years old
Armenia,"Unemployment by sex, education and rural / urban areas (thousands)",ARM - LFS - Household Labour Force Survey,Sex: Male,Education (Aggregate levels): Less than basic,Area type: Urban,2018,,Unreliable,,,Repository: ILO-STATISTICS - Micro data processing | Age coverage - maximum age: 75 years old
Armenia,"Unemployment by sex, education and rural / urban areas (thousands)",ARM - LFS - Household Labour Force Survey,Sex: Male,Education (Aggregate levels): Basic,Area type: National,2018,12.3481,,,,Repository: ILO-STATISTICS - Micro data processing | Age coverage - maximum age: 75 years old
Armenia,"Unemployment by sex, education and rural / urban areas (thousands)",ARM - LFS - Household Labour Force Survey,Sex: Male,Education (Aggregate levels): Basic,Area type: Rural,2018,5.5323,,,,Repository: ILO-STATISTICS - Micro data processing | Age coverage - maximum age: 75 years old
Armenia,"Unemployment by sex, education and rural / urban areas (thousands)",ARM - LFS - Household Labour Force Survey,Sex: Male,Education (Aggregate levels): Basic,Area type: Urban,2018,6.8157,,,,Repository: ILO-STATISTICS - Micro data processing | Age coverage - maximum age: 75 years old
Armenia,"Unemployment by sex, education and rural / urban areas (thousands)",ARM - LFS - Household Labour Force Survey,Sex: Male,Education (Aggregate levels): Intermediate,Area type: National,2018,91.3442,,"Nonstandard education level: Including special education, vocational and other training",,Repository: ILO-STATISTICS - Micro data processing | Age coverage - maximum age: 75 years old
Armenia,"Unemployment by sex, education and rural / urban areas (thousands)",ARM - LFS - Household Labour Force Survey,Sex: Male,Education (Aggregate levels): Intermediate,Area type: Rural,2018,28.8215,,"Nonstandard education level: Including special education, vocational and other training",,Repository: ILO-STATISTICS - Micro data processing | Age coverage - maximum age: 75 years old
Armenia,"Unemployment by sex, education and rural / urban areas (thousands)",ARM - LFS - Household Labour Force Survey,Sex: Male,Education (Aggregate levels): Intermediate,Area type: Urban,2018,62.5227,,"Nonstandard education level: Including special education, vocational and other training",,Repository: ILO-STATISTICS - Micro data processing | Age coverage - maximum age: 75 years old
Armenia,"Unemployment by sex, education and rural / urban areas (thousands)",ARM - LFS - Household Labour Force Survey,Sex: Male,Education (Aggregate levels): Advanced,Area type: National,2018,18.0292,,,,Repository: ILO-STATISTICS - Micro data processing | Age coverage - maximum age: 75 years old
Armenia,"Unemployment by sex, education and rural / urban areas (thousands)",ARM - LFS - Household Labour Force Survey,Sex: Male,Education (Aggregate levels): Advanced,Area type: Rural,2018,3.2143,,,,Repository: ILO-STATISTICS - Micro data processing | Age coverage - maximum age: 75 years old
Armenia,"Unemployment by sex, education and rural / urban areas (thousands)",ARM - LFS - Household Labour Force Survey,Sex: Male,Education (Aggregate levels): Advanced,Area type: Urban,2018,14.8149,,,,Repository: ILO-STATISTICS - Micro data processing | Age coverage - maximum age: 75 years old
Armenia,"Unemployment by sex, education and rural / urban areas (thousands)",ARM - LFS - Household Labour Force Survey,Sex: Male,Education (Aggregate levels): Level not stated,Area type: National,2018,8.9817,,,,Repository: ILO-STATISTICS - Micro data processing | Age coverage - maximum age: 75 years old
Armenia,"Unemployment by sex, education and rural / urban areas (thousands)",ARM - LFS - Household Labour Force Survey,Sex: Male,Education (Aggregate levels): Level not stated,Area type: Rural,2018,0.8835,Unreliable,,,Repository: ILO-STATISTICS - Micro data processing | Age coverage - maximum age: 75 years old
Armenia,"Unemployment by sex, education and rural / urban areas (thousands)",ARM - LFS - Household Labour Force Survey,Sex: Male,Education (Aggregate levels): Level not stated,Area type: Urban,2018,8.0982,,,,Repository: ILO-STATISTICS - Micro data processing | Age coverage - maximum age: 75 years old
Armenia,"Unemployment by sex, education and rural / urban areas (thousands)",ARM - LFS - Household Labour Force Survey,Sex: Female,Education (Aggregate levels): Total,Area type: National,2018,114.6091,,,,Repository: ILO-STATISTICS - Micro data processing | Age coverage - maximum age: 75 years old
Armenia,"Unemployment by sex, education and rural / urban areas (thousands)",ARM - LFS - Household Labour Force Survey,Sex: Female,Education (Aggregate levels): Total,Area type: Rural,2018,25.9083,,,,Repository: ILO-STATISTICS - Micro data processing | Age coverage - maximum age: 75 years old
Armenia,"Unemployment by sex, education and rural / urban areas (thousands)",ARM - LFS - Household Labour Force Survey,Sex: Female,Education (Aggregate levels): Total,Area type: Urban,2018,88.7008,,,,Repository: ILO-STATISTICS - Micro data processing | Age coverage - maximum age: 75 years old
Armenia,"Unemployment by sex, education and rural / urban areas (thousands)",ARM - LFS - Household Labour Force Survey,Sex: Female,Education (Aggregate levels): Basic,Area type: National,2018,1.8386,,,,Repository: ILO-STATISTICS - Micro data processing | Age coverage - maximum age: 75 years old
Armenia,"Unemployment by sex, education and rural / urban areas (thousands)",ARM - LFS - Household Labour Force Survey,Sex: Female,Education (Aggregate levels): Basic,Area type: Rural,2018,0.6848,Unreliable,,,Repository: ILO-STATISTICS - Micro data processing | Age coverage - maximum age: 75 years old
Armenia,"Unemployment by sex, education and rural / urban areas (thousands)",ARM - LFS - Household Labour Force Survey,Sex: Female,Education (Aggregate levels): Basic,Area type: Urban,2018,1.1537,,,,Repository: ILO-STATISTICS - Micro data processing | Age coverage - maximum age: 75 years old
Armenia,"Unemployment by sex, education and rural / urban areas (thousands)",ARM - LFS - Household Labour Force Survey,Sex: Female,Education (Aggregate levels): Intermediate,Area type: National,2018,80.2939,,"Nonstandard education level: Including special education, vocational and other training",,Repository: ILO-STATISTICS - Micro data processing | Age coverage - maximum age: 75 years old
Armenia,"Unemployment by sex, education and rural / urban areas (thousands)",ARM - LFS - Household Labour Force Survey,Sex: Female,Education (Aggregate levels): Intermediate,Area type: Rural,2018,19.5323,,"Nonstandard education level: Including special education, vocational and other training",,Repository: ILO-STATISTICS - Micro data processing | Age coverage - maximum age: 75 years old
Armenia,"Unemployment by sex, education and rural / urban areas (thousands)",ARM - LFS - Household Labour Force Survey,Sex: Female,Education (Aggregate levels): Intermediate,Area type: Urban,2018,60.7617,,"Nonstandard education level: Including special education, vocational and other training",,Repository: ILO-STATISTICS - Micro data processing | Age coverage - maximum age: 75 years old
Armenia,"Unemployment by sex, education and rural / urban areas (thousands)",ARM - LFS - Household Labour Force Survey,Sex: Female,Education (Aggregate levels): Advanced,Area type: National,2018,21.2227,,,,Repository: ILO-STATISTICS - Micro data processing | Age coverage - maximum age: 75 years old
Armenia,"Unemployment by sex, education and rural / urban areas (thousands)",ARM - LFS - Household Labour Force Survey,Sex: Female,Education (Aggregate levels): Advanced,Area type: Rural,2018,4.203,,,,Repository: ILO-STATISTICS - Micro data processing | Age coverage - maximum age: 75 years old
Armenia,"Unemployment by sex, education and rural / urban areas (thousands)",ARM - LFS - Household Labour Force Survey,Sex: Female,Education (Aggregate levels): Advanced,Area type: Urban,2018,17.0196,,,,Repository: ILO-STATISTICS - Micro data processing | Age coverage - maximum age: 75 years old
Armenia,"Unemployment by sex, education and rural / urban areas (thousands)",ARM - LFS - Household Labour Force Survey,Sex: Female,Education (Aggregate levels): Level not stated,Area type: National,2018,11.2539,,,,Repository: ILO-STATISTICS - Micro data processing | Age coverage - maximum age: 75 years old
Armenia,"Unemployment by sex, education and rural / urban areas (thousands)",ARM - LFS - Household Labour Force Survey,Sex: Female,Education (Aggregate levels): Level not stated,Area type: Rural,2018,1.4882,Unreliable,,,Repository: ILO-STATISTICS - Micro data processing | Age coverage - maximum age: 75 years old
Armenia,"Unemployment by sex, education and rural / urban areas (thousands)",ARM - LFS - Household Labour Force Survey,Sex: Female,Education (Aggregate levels): Level not stated,Area type: Urban,2018,9.7657,,,,Repository: ILO-STATISTICS - Micro data processing | Age coverage - maximum age: 75 years old
